序號,英文名稱,中文名稱,中國大陸譯名,來源網站
1,[feedback] controller,[反饋]控制器,[反馈]控制器,https://terms.naer.edu.tw/
2,[fillet] weld leg,銲腳,焊脚,https://terms.naer.edu.tw/
3,[measuring] potentiometer,（測量）電位計,[测量]电位差计,https://terms.naer.edu.tw/
4,[nuclear] radiation transducer,[核]輻射轉換器,[核]辐射传感器,https://terms.naer.edu.tw/
5,[resistance] strain gauge tensiometer,（電阻）應變式張力計,[电阻]应变式张力计,https://terms.naer.edu.tw/
6,A-type boiler,A型鍋爐,A型锅炉,https://terms.naer.edu.tw/
7,Abbe refractometer,阿貝折射計；阿貝折光儀,阿贝折射仪,https://terms.naer.edu.tw/
8,abrasion,磨損，磨耗，剝蝕,磨料磨损,https://terms.naer.edu.tw/
9,abrasion-resistant fan,耐磨風扇,耐磨通风机,https://terms.naer.edu.tw/
10,abrasive,磨料,磨料,https://terms.naer.edu.tw/
11,abrasive belt grinding machine,磨帶磨床,砂带磨床,https://terms.naer.edu.tw/
12,abrasive particle,磨料顆粒,磨粒,https://terms.naer.edu.tw/
13,abrasive wear,磨蝕，磨損,磨料磨损,https://terms.naer.edu.tw/
14,absolute error,絕對誤差,绝对误差,https://terms.naer.edu.tw/
15,absolute measurement,絕對量測；絕對量度；絕對測定；絕對度值,绝对测量,https://terms.naer.edu.tw/
16,absolute pressure transducer,絕對壓力轉換器,绝压传感器,https://terms.naer.edu.tw/
17,AC bridge,交流電橋；交流橋式電路,交流电桥,https://terms.naer.edu.tw/
18,acceleration transducer,加速度換能器,加速度传感器,https://terms.naer.edu.tw/
19,accuracy,準確度，精確度,准确度,https://terms.naer.edu.tw/
20,acoustic [quantity] transducer,聲（量）傳感器,声[学量]传感器,https://terms.naer.edu.tw/
21,acoustic fatigue,噪音疲勞，聲響疲勞,声疲劳,https://terms.naer.edu.tw/
22,acoustic thermometer,聲波溫度計；聲學溫度計；聲波測溫計,声学温度计,https://terms.naer.edu.tw/
23,acoustooptic effect,聲光效應,声光效应,https://terms.naer.edu.tw/
24,Active control,主動控制，有效控制,主动控制,https://terms.naer.edu.tw/
25,Active control,主動控制，有效控制,主动控制,https://terms.naer.edu.tw/
26,Active control technology,主動控制技術,主动控制技术,https://terms.naer.edu.tw/
27,active transducer,主動轉換器；主動換能器；有源換能器；有源變換器；有源轉換器,有源传感器,https://terms.naer.edu.tw/
28,actual deviation,實際偏差,实际偏差,https://terms.naer.edu.tw/
29,actual size,實際尺寸，實際大小,实际尺寸,https://terms.naer.edu.tw/
30,actuator,引動器，致動器,执行机构,https://terms.naer.edu.tw/
31,ACURAD die casting，accurate rapid dense die casting,精速實壓鑄,双冲头压铸,https://terms.naer.edu.tw/
32,adaptive control,適應控制,[自]适应控制,https://terms.naer.edu.tw/
33,adaptive control machine tool,適應控制機床；適應控制工作母機,适应控制机床,https://terms.naer.edu.tw/
34,Adaptive control robot,自適應控制機器人,自适应控制机器人,https://terms.naer.edu.tw/
35,Adaptive system,[自]適應系統；適應性系統,自适应系统,https://terms.naer.edu.tw/
36,additional retarding braking system,輔助制動系統,辅助制动系,https://terms.naer.edu.tw/
37,adhesion,附著力，黏著力，黏著,黏着,https://terms.naer.edu.tw/
38,adiabatic engine,絕熱引擎,绝热发动机,https://terms.naer.edu.tw/
39,aerator,充氣器；通風機,松砂机,https://terms.naer.edu.tw/
40,aerial camera,航攝儀；空照攝影機；航空照相機；高空照相機,航空摄影机,https://terms.naer.edu.tw/
41,aerial ladder fire truck,雲梯消防車,云梯消防车,https://terms.naer.edu.tw/
42,after burner,後燃裝置,后燃器,https://terms.naer.edu.tw/
43,agglomerate,黏聚物；造粒產物；集塊岩；團礦；附聚物；積聚物；燒結塊；燒結礦；造粒產物；燒結物,团粒,https://terms.naer.edu.tw/
44,agricultural machinery,農業機械,农业机械,https://terms.naer.edu.tw/
45,agricultural tractor,農用曳引機,农业拖拉机,https://terms.naer.edu.tw/
46,air conditioner,空氣調節器,空气调节器,https://terms.naer.edu.tw/
47,air conditioner unit,空氣調節器設備；空氣調節器裝置；空氣調節器組合件,空气调解单元,https://terms.naer.edu.tw/
48,air consumption,空氣消耗量,耗气量,https://terms.naer.edu.tw/
49,air cooling,氣冷，氣冷法,气冷,https://terms.naer.edu.tw/
50,air dryer,空氣乾燥器；風乾器,空气干燥器,https://terms.naer.edu.tw/
51,air hammer,氣槍槌,空气锤,https://terms.naer.edu.tw/
52,air hammer,氣槍槌,气击,https://terms.naer.edu.tw/
53,air heat exchanger,空氣熱交換器,空气换热器,https://terms.naer.edu.tw/
54,air heater,暖風器,暖风器,https://terms.naer.edu.tw/
55,air motor,氣動馬達,气马达,https://terms.naer.edu.tw/
56,air plenum,空氣室,风室,https://terms.naer.edu.tw/
57,air preheater,空氣預熱器,空气预热器,https://terms.naer.edu.tw/
58,air separation plant,空氣分離廠,空气分离设备,https://terms.naer.edu.tw/
59,air-conditioning unit，air conditioner,空氣調節器,空气调节机,https://terms.naer.edu.tw/
60,air-cooled compressor,空氣冷卻壓縮機.,风冷式压缩机,https://terms.naer.edu.tw/
61,air-cooled engine,氣冷式引擎,风冷发动机,https://terms.naer.edu.tw/
62,aircraft cleaning truck,飛機清洗車,飞机清洗车,https://terms.naer.edu.tw/
63,airplane water feeder,飛機供水車,飞机供水车,https://terms.naer.edu.tw/
64,Algebraic formal pattern recognition,代數形式圖型識別,代数形式模式识别,https://terms.naer.edu.tw/
65,alloy cast iron,合金鑄鐵,合金铸铁,https://terms.naer.edu.tw/
66,alternating current polarograph,交流極譜法,交流极谱仪,https://terms.naer.edu.tw/
67,ambulance,救護車,救护车,https://terms.naer.edu.tw/
68,ammeter,電流表，安培計,电流表,https://terms.naer.edu.tw/
69,analog transducer,類比換能器；類轉換器； 類比轉換器,模拟传感器,https://terms.naer.edu.tw/
70,analogue-to-digital converter，ADC,類比至數位轉換器,模/数转换,https://terms.naer.edu.tw/
71,analytical instrument,分析儀器,分析仪器,https://terms.naer.edu.tw/
72,angle pump,角泵,角式泵,https://terms.naer.edu.tw/
73,angle transducer,角傳感器,角度传感器,https://terms.naer.edu.tw/
74,angle valve,角閥,角式阀,https://terms.naer.edu.tw/
75,angular acceleration transducer,角加速度傳感器,角加速度传感器,https://terms.naer.edu.tw/
76,angular displacement grating,角位移光柵,角位移光栅,https://terms.naer.edu.tw/
77,angular encoder,軸角編碼器,角编码器,https://terms.naer.edu.tw/
78,angular gage block,角度塊規,角度块,https://terms.naer.edu.tw/
79,angular velocity transducer,角速度傳感器,角速度传感器,https://terms.naer.edu.tw/
80,angular-type compressor,角度式壓縮機,角度式压缩机,https://terms.naer.edu.tw/
81,anti-corrosion pump,耐腐蝕泵,耐腐蚀泵,https://terms.naer.edu.tw/
82,anti-hijacking vehicle,防劫持車,防暴车,https://terms.naer.edu.tw/
83,anti-oxidation heater,抗氧化加熱器,无氧化加热炉,https://terms.naer.edu.tw/
84,anti-violence water tanker,防暴水罐車,防暴水罐车,https://terms.naer.edu.tw/
85,apparent density,虛表密度，視密度,松装密度,https://terms.naer.edu.tw/
86,arc cutting,電弧切割,电弧切割,https://terms.naer.edu.tw/
87,arc furnace,電弧爐,电弧炉,https://terms.naer.edu.tw/
88,arc stabilizer,電弧穩定器,稳弧剂,https://terms.naer.edu.tw/
89,arc welding,電弧熔接；弧銲,电弧焊,https://terms.naer.edu.tw/
90,arc welding gun,電弧銲接用銲槍,电弧焊枪,https://terms.naer.edu.tw/
91,arc welding machine,電焊機，電弧焊機,电弧焊机,https://terms.naer.edu.tw/
92,arc welding torch,電離子焊槍,电弧焊枪,https://terms.naer.edu.tw/
93,argon shielded arc welding,氬弧銲,氩弧焊,https://terms.naer.edu.tw/
94,armoured passenger car,裝甲轎車,防弹车,https://terms.naer.edu.tw/
95,Aronhold-Kennedy theorem,三心定理,三心定理,https://terms.naer.edu.tw/
96,articulated bus,雙節公車,铰接客车,https://terms.naer.edu.tw/
97,articulated vehicle,拖掛車；連掛車,铰接列车,https://terms.naer.edu.tw/
98,Artificial intelligence,人工智慧,人工智能,https://terms.naer.edu.tw/
99,as-cast structure,鑄造組織,铸造组织,https://terms.naer.edu.tw/
100,asphalt-distributing tanker,瀝青分佈油輪,沥青洒布车,https://terms.naer.edu.tw/
101,aspherical mirror,非球面鏡,非球面镜,https://terms.naer.edu.tw/
102,assembly drawing,裝配圖，組合圖,装配图,https://terms.naer.edu.tw/
103,Assembly robot,組合機器人；裝配機器人,装配机器人,https://terms.naer.edu.tw/
104,astronomical theodolite,天文經緯儀,天文经纬仪,https://terms.naer.edu.tw/
105,atmospheric corrosion,大氣腐蝕,大气腐蚀,https://terms.naer.edu.tw/
106,atmospheric hot water boiler,常壓熱水鍋爐,常压热水锅炉,https://terms.naer.edu.tw/
107,atomized lubricator,原子化潤滑器,油雾器,https://terms.naer.edu.tw/
108,atomized powder,霧化粉末,雾化粉,https://terms.naer.edu.tw/
109,attitude transducer,姿態傳感器,姿态传感器,https://terms.naer.edu.tw/
110,auto-deposition,自動沉積,自沉积,https://terms.naer.edu.tw/
111,Automata,自動機,自动机,https://terms.naer.edu.tw/
112,Automata theory,自動化理論；自動機理論,自动机理论,https://terms.naer.edu.tw/
113,Automated calibration system,自動校準系統,自动校准系统,https://terms.naer.edu.tw/
114,Automated learning,自動學習,自动学习,https://terms.naer.edu.tw/
115,automatic braking system,自動煞車系統,自动制动系,https://terms.naer.edu.tw/
116,automatic clutch,自動離合器,自动离合器,https://terms.naer.edu.tw/
117,Automatic control,自動控制,自动控制,https://terms.naer.edu.tw/
118,Automatic control,自動控制,自动控制,https://terms.naer.edu.tw/
119,Automatic control system,自動控制系統,自动控制系统,https://terms.naer.edu.tw/
120,Automatic frequency control,自動頻率控制,自动频率控制,https://terms.naer.edu.tw/
121,Automatic gain control,自動增益控制,自动增益控制,https://terms.naer.edu.tw/
122,Automatic level regulation,自動水平調節,自动电平调节,https://terms.naer.edu.tw/
123,Automatic leveling system,自動調平系統,自动调平系统,https://terms.naer.edu.tw/
124,automatic metal forming machine,自動金屬成型機,自动锻压机,https://terms.naer.edu.tw/
125,Automatic monitoring system,自動監視系統,自动监控系统,https://terms.naer.edu.tw/
126,Automatic overload control system,自動過載控制系統,自动过载控制系统,https://terms.naer.edu.tw/
127,Automatic pattern recognition,自動模式識別,自动模式识别,https://terms.naer.edu.tw/
128,automatic production line,自動生產線,自动生产线,https://terms.naer.edu.tw/
129,automatic welding,自動熔接，自動焊接,自动焊,https://terms.naer.edu.tw/
130,Automatics,自動裝置，自動學,自动学,https://terms.naer.edu.tw/
131,Automation,自動化,自动化,https://terms.naer.edu.tw/
132,Automation component,自動化組件,自动化元件,https://terms.naer.edu.tw/
133,auxiliary fire vehicle,輔助消防車,后援消防车,https://terms.naer.edu.tw/
134,auxiliary hole,工藝孔,工艺孔,https://terms.naer.edu.tw/
135,axial flow steam turbine,軸流蒸汽渦輪機,轴流式汽轮机,https://terms.naer.edu.tw/
136,axial flow turbine,軸流式渦輪機,轴流式水轮机,https://terms.naer.edu.tw/
137,axial pump,軸流泵；軸流幫浦,轴向泵,https://terms.naer.edu.tw/
138,axial wheel,軸輪,轴流叶轮,https://terms.naer.edu.tw/
139,axial-flow compressor,軸流壓縮機；軸流式壓縮機,轴流式压缩机,https://terms.naer.edu.tw/
140,axial-flow fan,軸流扇；軸流風扇；軸流式扇風機；軸流式風扇,轴流式通风机,https://terms.naer.edu.tw/
141,axial-flow pump,軸流泵,轴流泵,https://terms.naer.edu.tw/
142,axle,車軸；輪軸,车桥,https://terms.naer.edu.tw/
143,axonometric drawing,立體正投影圖,轴测图,https://terms.naer.edu.tw/
144,axonometric projection,不等角投影,轴测投影,https://terms.naer.edu.tw/
145,back pressure steam turbine,背壓式汽輪機；背壓蒸汽渦輪機,背压式汽轮机,https://terms.naer.edu.tw/
146,backing sand,背砂,背砂,https://terms.naer.edu.tw/
147,balance,均衡；平衡；天平,天平,https://terms.naer.edu.tw/
148,balance of machinery,機械的平衡；機器的平衡,机械的平衡,https://terms.naer.edu.tw/
149,balance of mechanism,機構的平衡,机构的平衡,https://terms.naer.edu.tw/
150,balance pump,均衡泵,均衡泵,https://terms.naer.edu.tw/
151,balanced draft boiler,平衡通風鍋爐,平衡通风锅炉,https://terms.naer.edu.tw/
152,balanced valve,均衡閥，均壓閥,平衡式阀,https://terms.naer.edu.tw/
153,balancing machine,均衡測驗機；平衡試驗機,平衡机,https://terms.naer.edu.tw/
154,ball milled powder,球磨粉末,球磨粉,https://terms.naer.edu.tw/
155,ball screw shaft,滾珠螺桿軸,滚珠丝杠,https://terms.naer.edu.tw/
156,ball valve,球閥,球阀,https://terms.naer.edu.tw/
157,ballast pump,壓艙水泵，壓載泵,压舱泵,https://terms.naer.edu.tw/
158,band brake,帶式煞車，帶軔,带式制动器,https://terms.naer.edu.tw/
159,bar,桿，棒，條，巴（壓力單位）,棒料,https://terms.naer.edu.tw/
160,bar stock；strip,條料,条料,https://terms.naer.edu.tw/
161,bare-root seedling transplanter,裸根苗栽植機,裸根苗栽植机,https://terms.naer.edu.tw/
162,barrel pump,桶式泵,筒式泵,https://terms.naer.edu.tw/
163,base,鹼；基；底座；底數；機座,安装面,https://terms.naer.edu.tw/
164,base load boiler,基本負載鍋爐,基本负荷锅炉,https://terms.naer.edu.tw/
165,base-load steam turbine,基本負荷汽輪機,基本负荷汽轮机,https://terms.naer.edu.tw/
166,basic hole,基孔,基准孔,https://terms.naer.edu.tw/
167,basic hole system,基孔制,基孔制,https://terms.naer.edu.tw/
168,basic shaft,主軸；基軸,基准轴,https://terms.naer.edu.tw/
169,basic shaft system,基軸制,基轴制,https://terms.naer.edu.tw/
170,basic size,基本尺寸（基本大小）,基本尺寸,https://terms.naer.edu.tw/
171,basic worm,基準蝸桿,基准蜗杆,https://terms.naer.edu.tw/
172,batch type recirculation dryer,批式再循環乾燥機,批式循环干燥机,https://terms.naer.edu.tw/
173,batch-type furnace,分次式熔爐,室式炉,https://terms.naer.edu.tw/
174,bath furnace,浴爐,浴炉,https://terms.naer.edu.tw/
175,battery electric vehicle,純電動車,纯电动汽车,https://terms.naer.edu.tw/
176,bead,銲珠，圓緣，準星，卷邊,焊道,https://terms.naer.edu.tw/
177,beading,聯珠（熔接），圓緣，波紋,卷边,https://terms.naer.edu.tw/
178,beam splitter,分光鏡；射束分離器；射束裂光鏡；電子束分裂設備；分光器；分束器；光束分散鏡；射柱分散鏡；光束分離器；分束鏡,分束镜,https://terms.naer.edu.tw/
179,bearing,軸承，方位，航向,轴承,https://terms.naer.edu.tw/
180,Beckman thermometer,貝克門溫度計；貝克曼溫度計,贝克曼温度计,https://terms.naer.edu.tw/
181,bed lift,病床電梯,病床电梯,https://terms.naer.edu.tw/
182,bed type milling machine,床式銑床,床身式铣床,https://terms.naer.edu.tw/
183,bellows,風箱（皮老虎），伸縮囊,波纹管,https://terms.naer.edu.tw/
184,bellows metering pump,波紋管計量泵,波纹管计量泵,https://terms.naer.edu.tw/
185,bellows valve,波紋管閥,波纹管阀,https://terms.naer.edu.tw/
186,belt conveyor,帶式運送機,带式输送机,https://terms.naer.edu.tw/
187,belt drive,皮帶驅動,带传动,https://terms.naer.edu.tw/
188,belt drop hammer,皮帶落槌,皮带锤,https://terms.naer.edu.tw/
189,belt dryer,帶式乾燥機,带式干燥机,https://terms.naer.edu.tw/
190,belt-type magnetic separator,帶式磁力分離機,带式磁力分离机,https://terms.naer.edu.tw/
191,bench lathe,檯式車床,台式车床,https://terms.naer.edu.tw/
192,bench vice,檯鉗,台虎钳,https://terms.naer.edu.tw/
193,bench-type drilling machine,工作台式鑽床,台式钻床,https://terms.naer.edu.tw/
194,bending die,冷彎模具,弯曲模,https://terms.naer.edu.tw/
195,beveling [of the edge],斜切,开坡口,https://terms.naer.edu.tw/
196,bi-fuel vehicle,雙燃料汽車,两用燃料汽车,https://terms.naer.edu.tw/
197,bifurcated fan,岔風扇,分路通风机,https://terms.naer.edu.tw/
198,bimetallic thermometer,雙金屬溫度計,双金属温度计,https://terms.naer.edu.tw/
199,binocular microscope,雙目顯微鏡,双目显微镜,https://terms.naer.edu.tw/
200,biodiesel vehicle,柴油車輛,生物柴油汽车,https://terms.naer.edu.tw/
201,biological microscope,生物顯微鏡,生物显微镜,https://terms.naer.edu.tw/
202,biological quantity transducer,生物量傳感器,生物量传感器,https://terms.naer.edu.tw/
203,biomass-fired boiler,生物質鍋爐,生物质燃料锅炉,https://terms.naer.edu.tw/
204,biosensor,生物感測器,生物传感器,https://terms.naer.edu.tw/
205,birefringence meter,雙折射計,双折射检查仪,https://terms.naer.edu.tw/
206,Bitstring pattern recognition,位串模式識別,位串模式识别,https://terms.naer.edu.tw/
207,black-liquor-fired boiler,黑液鍋爐,黑液锅炉,https://terms.naer.edu.tw/
208,blade,葉片，刀片，輪葉，旋翼,刀条,https://terms.naer.edu.tw/
209,blade,葉片，刀片，輪葉，旋翼,叶片,https://terms.naer.edu.tw/
210,blade wheel,葉輪,叶轮,https://terms.naer.edu.tw/
211,blank,毛胚，胚料,坯件,https://terms.naer.edu.tw/
212,blank,毛胚，胚料,毛坯,https://terms.naer.edu.tw/
213,blank drawing,毛坯圖；空白的繪圖,空白图,https://terms.naer.edu.tw/
214,blank layout,料片佈置,排样,https://terms.naer.edu.tw/
215,blanking,遮沒，遮蔽,落料,https://terms.naer.edu.tw/
216,blanking,遮沒，遮蔽,冲裁,https://terms.naer.edu.tw/
217,blanking die,下料衝模,落料模,https://terms.naer.edu.tw/
218,blanking die,下料衝模,冲裁模,https://terms.naer.edu.tw/
219,blast wave,衝擊波，爆炸波,爆炸波,https://terms.naer.edu.tw/
220,bleeding,分供，放氣，放水，瀝出（鑄造），出血,渗析,https://terms.naer.edu.tw/
221,block chain,塊環鏈；滑車鏈,块链,https://terms.naer.edu.tw/
222,block diagram,方塊圖,框图,https://terms.naer.edu.tw/
223,blocking,阻塞；編塊；閉塞；鍛坯；阻擋；成塊；場景圖；場景計畫；佈局；{節目編排}區塊策略；表演區；排地位；走位；封端； 區集劃分 ；除泡[作用]；支撐裝置；船墩或枕木；阻塞；封段； 阻隔 ；排塢墩；結塊；阻斷,预锻,https://terms.naer.edu.tw/
224,bloodmobile,捐血車,采血车,https://terms.naer.edu.tw/
225,blow-off,拋射分離，吹洩,脱火,https://terms.naer.edu.tw/
226,board drop hammer,板落槌,夹板锤,https://terms.naer.edu.tw/
227,body,體；車體；船體,车身,https://terms.naer.edu.tw/
228,body,體；車體；船體,刀体,https://terms.naer.edu.tw/
229,boiler,鍋爐,锅炉,https://terms.naer.edu.tw/
230,Boiler control,鍋爐控制,锅炉控制,https://terms.naer.edu.tw/
231,boiler feed pump,鍋爐給水泵,锅炉给水泵,https://terms.naer.edu.tw/
232,boiler unit,鍋爐單元,锅炉机组,https://terms.naer.edu.tw/
233,"boiler with dry ash furnace, boiler with dry-bottom furnace",固態排渣鍋爐,固态排渣锅炉,https://terms.naer.edu.tw/
234,"boiler with slagging furnace, boiler with wet bottom furnace",液態排渣鍋爐,液态排渣锅炉,https://terms.naer.edu.tw/
235,bolometer,輻射熱計,热辐射计,https://terms.naer.edu.tw/
236,booster compressor,增壓壓縮機,增压压缩机,https://terms.naer.edu.tw/
237,booster pump,增壓泵,增压泵,https://terms.naer.edu.tw/
238,border,圖廓；邊界；沿幕；邊線；布邊；衣襟；襪口；邊紋；林緣,图框,https://terms.naer.edu.tw/
239,boring,搪孔,镗削,https://terms.naer.edu.tw/
240,boring head,搪刀頭,镗头,https://terms.naer.edu.tw/
241,boring machine,搪床,镗床,https://terms.naer.edu.tw/
242,boring tool,搪孔刀具,镗刀,https://terms.naer.edu.tw/
243,bottom ash cooler,爐底渣冷卻器；爐底灰冷卻器,冷渣器,https://terms.naer.edu.tw/
244,bottom view,底視圖,仰视图,https://terms.naer.edu.tw/
245,bourdon tube,布頓式管,弹簧管,https://terms.naer.edu.tw/
246,box truck,筒管推車,仓栅式汽车,https://terms.naer.edu.tw/
247,box-type boiler,箱型鍋爐,箱型锅炉,https://terms.naer.edu.tw/
248,Bragg condition,布拉格條件；布勒格條件,布拉格条件,https://terms.naer.edu.tw/
249,Bragg diffraction,布雷格折射；布拉格衍射,布拉格衍射,https://terms.naer.edu.tw/
250,brake,煞車；制動器,制动器,https://terms.naer.edu.tw/
251,brake master cylinder,煞車主油缸,制动主缸,https://terms.naer.edu.tw/
252,braking  pedal,制動踏板,制动踏板,https://terms.naer.edu.tw/
253,braking system,制動系統,制动系,https://terms.naer.edu.tw/
254,brass,黃銅,黄铜,https://terms.naer.edu.tw/
255,brazing,銅焊，硬焊,钎焊,https://terms.naer.edu.tw/
256,brazing alloy,硬銲合金；硬銲填料；銅焊合金,钎料,https://terms.naer.edu.tw/
257,break down,預鍛,预锻,https://terms.naer.edu.tw/
258,bridge crane，overhead traveling crane,橋式起重機；高架移動起重機,桥式起重机,https://terms.naer.edu.tw/
259,bridge for measuring temperature,測溫電橋,测温电桥,https://terms.naer.edu.tw/
260,bridge-type hammer,橋型錘,桥式锤,https://terms.naer.edu.tw/
261,brilliance transducer,亮度傳感器,亮度传感器,https://terms.naer.edu.tw/
262,broach,拉削；拉力,拉刀,https://terms.naer.edu.tw/
263,broaching,拉削,拉削,https://terms.naer.edu.tw/
264,broaching machine,鉸孔機；拉床,拉床,https://terms.naer.edu.tw/
265,broad-arrow engine,W形發動機,扇形发动机,https://terms.naer.edu.tw/
266,bronze,青銅,青铜,https://terms.naer.edu.tw/
267,buddy Control,協同控制,协同控制,https://terms.naer.edu.tw/
268,builder's hoist,施工捲揚機,施工升降机,https://terms.naer.edu.tw/
269,built-up edge,刃口積屑緣,积屑瘤,https://terms.naer.edu.tw/
270,bulb turbine,燈泡式水輪機,灯泡式水轮机,https://terms.naer.edu.tw/
271,bulging,船體膨出部,胀形,https://terms.naer.edu.tw/
272,bulging die,撐壓模,胀形模,https://terms.naer.edu.tw/
273,bulk cement delivery tanker,散裝水泥交付油輪,散装水泥运输车,https://terms.naer.edu.tw/
274,bump testing machine,撞擊試驗機,碰撞试验台,https://terms.naer.edu.tw/
275,burn-on,化學黏砂,化学黏砂,https://terms.naer.edu.tw/
276,burn-through,焊穿；燒穿,烧穿,https://terms.naer.edu.tw/
277,burning,燃燒；燒著,烧伤,https://terms.naer.edu.tw/
278,burnt sand,火燒砂；燒毀鑄砂,枯砂,https://terms.naer.edu.tw/
279,bus,匯流排；汽車,客车,https://terms.naer.edu.tw/
280,bus road train,客車列車,客车列车,https://terms.naer.edu.tw/
281,bus semi-trailer,半拖式客車,客车半挂车,https://terms.naer.edu.tw/
282,bus trailer,巴士拖車,客车挂车,https://terms.naer.edu.tw/
283,bush chain,套筒鏈,套筒链,https://terms.naer.edu.tw/
284,butt joint,對頭接合；對接,对接接头,https://terms.naer.edu.tw/
285,butterfly valve,蝶形閥；蝶形瓣,蝶阀,https://terms.naer.edu.tw/
286,cab，cabin,座艙；艙；駕駛室；計程車；座艙；機艙；駕駛室,驾驶室,https://terms.naer.edu.tw/
287,cable crane,纜索起重機,缆索起重机,https://terms.naer.edu.tw/
288,cable-type crane,纜索型起重機,缆索型起重机,https://terms.naer.edu.tw/
289,CAI expert system,電腦輔助教學專家系統,计算机辅助教学专家系统,https://terms.naer.edu.tw/
290,caldron type roasting machine,鍋狀烘焙機,锅式炒干机,https://terms.naer.edu.tw/
291,caldron type water-removing machine,鍋式殺青機,锅式杀青机,https://terms.naer.edu.tw/
292,calibrating quantity,校準量,校准量,https://terms.naer.edu.tw/
293,calibration curve,校準曲線,校准曲线,https://terms.naer.edu.tw/
294,caliper disk brake,卡鉗碟制動,钳盘式制动器,https://terms.naer.edu.tw/
295,calliper,游尺；輪尺；雙腳規；測徑器； 卡尺；卡鉗；兩腳規；厚度(紙板等的)；用卡尺測量,卡钳,https://terms.naer.edu.tw/
296,calorimeter,卡路里計；熱量計；量熱計,热量计,https://terms.naer.edu.tw/
297,cam,凸輪；轗,凸轮,https://terms.naer.edu.tw/
298,CAMAC system,CAMAC系統,CAMAC系统,https://terms.naer.edu.tw/
299,canned motor pump,加套馬達泵,屏蔽电泵,https://terms.naer.edu.tw/
300,cantilever crane,懸臂起重機,悬臂起重机,https://terms.naer.edu.tw/
301,capacitance box,電容箱,电容箱,https://terms.naer.edu.tw/
302,capacitance meter,電容計,电容表,https://terms.naer.edu.tw/
303,capacitive displacement measuring instrument,電容式位移量測儀,电容位移测量仪,https://terms.naer.edu.tw/
304,capacitive transducer,電容式轉換器,电容式传感器,https://terms.naer.edu.tw/
305,capstan,增壓器；絞盤；起錨機；緊身膠帶,绞盘,https://terms.naer.edu.tw/
306,car carrier,汽車運輸船,车辆运输车,https://terms.naer.edu.tw/
307,caravan,馬幫；商隊；大篷車,旅居挂车,https://terms.naer.edu.tw/
308,caravan semi-trailer,半拖式旅遊車,旅居半挂车,https://terms.naer.edu.tw/
309,carbon-dioxide fire vehicle,二氧化碳消防車,二氧化碳消防车,https://terms.naer.edu.tw/
310,carbonyl powder,碳醯法粉末,羰基粉,https://terms.naer.edu.tw/
311,carburetor engine,化油器式發動機,化油器式发动机,https://terms.naer.edu.tw/
312,cartridge valve,插裝閥,插装阀,https://terms.naer.edu.tw/
313,cartridge-charged fixing tool,火藥釘槍,射钉枪,https://terms.naer.edu.tw/
314,cascade,串接；串列,叶栅,https://terms.naer.edu.tw/
315,cascade control,串級控制；梯列控制,串级控制,https://terms.naer.edu.tw/
316,cash transport van,現金運輸貨車,运钞车,https://terms.naer.edu.tw/
317,cast aluminium alloy,鑄鋁合金,铸造铝合金,https://terms.naer.edu.tw/
318,cast copper alloy,鑄造銅合金,铸造铜合金,https://terms.naer.edu.tw/
319,cast iron,鑄鐵,铸铁,https://terms.naer.edu.tw/
320,cast magnesium alloy,鑄造用鎂合金,铸造镁合金,https://terms.naer.edu.tw/
321,cast steel,鑄鋼,铸钢,https://terms.naer.edu.tw/
322,cast structure,鑄造組織,铸造组织,https://terms.naer.edu.tw/
323,cast zinc alloy,鑄鋅合金,铸造锌合金,https://terms.naer.edu.tw/
324,cast-iron boiler,鑄鐵鍋爐,铸铁锅炉,https://terms.naer.edu.tw/
325,castability,可鑄性,铸造性能,https://terms.naer.edu.tw/
326,casting,鑄造，鑄件,铸件,https://terms.naer.edu.tw/
327,casting,鑄造，鑄件,铸造,https://terms.naer.edu.tw/
328,casting defect,鑄疵,铸造缺陷,https://terms.naer.edu.tw/
329,casting stress,鑄造應力,铸造应力,https://terms.naer.edu.tw/
330,Catastrophe theory,驟變理論；突變理論；劇變理論；災難理論；災變理論；巨變理論,突变论,https://terms.naer.edu.tw/
331,catastrophic wear,毀滅性磨損,毁坏性磨损,https://terms.naer.edu.tw/
332,cavitation corrosion,空洞腐蝕；空泡浸蝕,空蚀,https://terms.naer.edu.tw/
333,cementing manifold truck,固井管匯車,固井管汇车,https://terms.naer.edu.tw/
334,center,中心；頂尖,顶尖,https://terms.naer.edu.tw/
335,center drill,中心鑽,中心钻,https://terms.naer.edu.tw/
336,center hole,中心孔,中心孔,https://terms.naer.edu.tw/
337,center lathe,center lathe 機力車床,卧式车床,https://terms.naer.edu.tw/
338,center pivot sprinkling machine,中心支軸式噴灑機,中心支轴式喷灌机(圆形喷灌机),https://terms.naer.edu.tw/
339,center-axle trailer,中置軸拖車,中置轴挂车,https://terms.naer.edu.tw/
340,centerless grinding machine,無中心磨床；無心磨床,无心磨床,https://terms.naer.edu.tw/
341,Centralized parameter system,集中參數系統,集中参数系统,https://terms.naer.edu.tw/
342,centrifugal automatic clutch,離心式自動離合器,离心式自动离合器,https://terms.naer.edu.tw/
343,centrifugal casting,離心鑄造法,离心铸造,https://terms.naer.edu.tw/
344,centrifugal compressor,離心式壓縮機,离心式压缩机,https://terms.naer.edu.tw/
345,centrifugal fan,離心式風扇,离心式通风机,https://terms.naer.edu.tw/
346,centrifugal governor,離心式調速器,离心调速器,https://terms.naer.edu.tw/
347,centrifugal pressure casting,離心加壓鑄造法,离心浇注,https://terms.naer.edu.tw/
348,centrifugal pump,離心式泵,离心泵,https://terms.naer.edu.tw/
349,centrifugal wheel,離心輪,离心叶轮,https://terms.naer.edu.tw/
350,centripetal wheel,向心輪,向心叶轮,https://terms.naer.edu.tw/
351,chain,鏈，鏈條,链条,https://terms.naer.edu.tw/
352,chain drive,鏈驅動；鏈條傳動,链传动,https://terms.naer.edu.tw/
353,Character recognition,字元辨識，字元識別，文字辨識，文字辨認，字體辨認，符號識別,字符识别,https://terms.naer.edu.tw/
354,Character recognition device,字符識別裝置,字符识别装置,https://terms.naer.edu.tw/
355,chart,圖，線圖，圖表，海圖,表图,https://terms.naer.edu.tw/
356,check valve,止回閥，防逆瓣,单向阀,https://terms.naer.edu.tw/
357,chemical analysis van,化學分析車,化验车,https://terms.naer.edu.tw/
358,chemical corrosion,化學侵蝕，化學腐蝕,化学腐蚀,https://terms.naer.edu.tw/
359,chemical quantity transducer,化學量傳感器,化学量传感器,https://terms.naer.edu.tw/
360,chemical vapor deposition，CVD,化學氣相沈積,化学气相沉积,https://terms.naer.edu.tw/
361,chilled cast iron,冷硬鑄鐵；硬面鑄鐵,冷硬铸铁,https://terms.naer.edu.tw/
362,chipless machining,無屑加工,无屑加工,https://terms.naer.edu.tw/
363,chipping,碎屑，鏨平，敲銹鑿,清铲,https://terms.naer.edu.tw/
364,chisel,鏨，鑿,錾子,https://terms.naer.edu.tw/
365,chromaticity transducer,色度傳感器,色度传感器,https://terms.naer.edu.tw/
366,chromatograph,色析分析器,色谱仪,https://terms.naer.edu.tw/
367,chuck,夾頭,旋压模,https://terms.naer.edu.tw/
368,chuck,夾頭,卡盘,https://terms.naer.edu.tw/
369,churning,攪動,捣冒口,https://terms.naer.edu.tw/
370,circuit diagram,線路圖；電路圖,电路图,https://terms.naer.edu.tw/
371,circulating water pump,循環水泵,循环水泵,https://terms.naer.edu.tw/
372,city-bus,城市巴士,城市客车,https://terms.naer.edu.tw/
373,clamp feed mechanism,夾式送料機構,夹式栽种器,https://terms.naer.edu.tw/
374,Classical control theory,古典控制理論,经典控制理论,https://terms.naer.edu.tw/
375,cleaning,清潔；清除；洗選 ；清選；除伐；洗煤；透明法；清洗,清洗,https://terms.naer.edu.tw/
376,cleaning tanker,清潔油輪,清洗车,https://terms.naer.edu.tw/
377,cleanroom,淨室,洁净室,https://terms.naer.edu.tw/
378,clearance,間隙，餘隙，淨空，航管批答,间隙,https://terms.naer.edu.tw/
379,closed-loop control,閉迴路控制,闭环控制,https://terms.naer.edu.tw/
380,closed-loop control,閉迴路控制,闭环控制,https://terms.naer.edu.tw/
381,cloud burst treatment forming,噴珠成形,喷丸成形,https://terms.naer.edu.tw/
382,clutch,離合器,离合器,https://terms.naer.edu.tw/
383,coal hopper,煤斗；煤漏斗,煤斗,https://terms.naer.edu.tw/
384,coal pump,煤炭泵,煤浆泵,https://terms.naer.edu.tw/
385,coal water slurry boiler,要水煤漿鍋爐,水煤浆锅炉,https://terms.naer.edu.tw/
386,coal-fired boiler,燃煤鍋爐,燃煤锅炉,https://terms.naer.edu.tw/
387,coated tool,塗層刀具,涂层刀具,https://terms.naer.edu.tw/
388,coating,包覆，包覆料，塗層，塗料,覆盖层,https://terms.naer.edu.tw/
389,coating[of electrode],包覆，包覆料，塗層，塗料,药皮,https://terms.naer.edu.tw/
390,cogeneration steam turbine,熱電聯產的蒸汽渦輪,热电联产汽轮机,https://terms.naer.edu.tw/
391,Cognitive science,認知科學,认知科学,https://terms.naer.edu.tw/
392,coil,盤管，線圈,卷料,https://terms.naer.edu.tw/
393,coil stock,盤捲備料,卷料,https://terms.naer.edu.tw/
394,coiled tubing unit,連續油管單元,连续油管作业车,https://terms.naer.edu.tw/
395,coining,壓模印,精整,https://terms.naer.edu.tw/
396,coining,壓模印,压印,https://terms.naer.edu.tw/
397,coining press,"壓印壓力機, 壓花壓力機",精压机,https://terms.naer.edu.tw/
398,cold drawing,冷拉,冷拔,https://terms.naer.edu.tw/
399,cold forging,冷鍛,冷锻,https://terms.naer.edu.tw/
400,cold header,冷鍛機；冷鐓機,冷镦机,https://terms.naer.edu.tw/
401,cold heading,冷鍛釘頭；冷作頭,冷镦,https://terms.naer.edu.tw/
402,cold heading die,冷鍛釘頭模；冷作頭模,冷镦模,https://terms.naer.edu.tw/
403,cold isostatic pressing,冷均壓成型,冷等静压制,https://terms.naer.edu.tw/
404,cold mirror,冷反光鏡；冷光鏡,冷镜,https://terms.naer.edu.tw/
405,cold storage,冷藏[庫],蓄冷,https://terms.naer.edu.tw/
406,cold weld,冷焊,冷焊,https://terms.naer.edu.tw/
407,collector,集流器，集電環,集光器,https://terms.naer.edu.tw/
408,collet chuck,開槽夾頭；筒夾夾頭,夹头,https://terms.naer.edu.tw/
409,color filter,瀘色器,滤色片,https://terms.naer.edu.tw/
410,colorimeter,比色計,比色计,https://terms.naer.edu.tw/
411,colorimetric thermometer,比色溫度計,比色温度计,https://terms.naer.edu.tw/
412,combination tiller,聯合耕作機,联合耕作机械,https://terms.naer.edu.tw/
413,combination vehicles,結合車輛,汽车列车,https://terms.naer.edu.tw/
414,combined circulation boiler,複合循環鍋爐,复合循环锅炉,https://terms.naer.edu.tw/
415,combined compressor,複合壓縮機,复合压缩机,https://terms.naer.edu.tw/
416,combined cycle steam turbine,複循環汽輪機,联合循环汽轮机,https://terms.naer.edu.tw/
417,combined die,組合冲模,组合冲模,https://terms.naer.edu.tw/
418,combined drill,組合鑽頭,联合播种机,https://terms.naer.edu.tw/
419,combined machining,複合機械加工；複合切削,复合切削,https://terms.naer.edu.tw/
420,combined tea-refining machine,組合式茶葉精製機,组合式茶叶精制机,https://terms.naer.edu.tw/
421,combined type transducer,複合型傳感器,复合型传感器,https://terms.naer.edu.tw/
422,combustion chamber,燃燒室,炉膛,https://terms.naer.edu.tw/
423,command and communication fire vehicle,指揮通訊消防車,通信指挥消防车,https://terms.naer.edu.tw/
424,command van,命令車；指揮車,指挥车,https://terms.naer.edu.tw/
425,commercial vehicle,營業車輛,商用车[辆],https://terms.naer.edu.tw/
426,comminuted powder,搗碎粉末,粉碎粉,https://terms.naer.edu.tw/
427,communication van,通信車,通信车,https://terms.naer.edu.tw/
428,compact,緊縮體；粉壓坯；緊密；均收；緊緻[的]；緻密；緊湊的；小型的；簡單的；使之緊密；模塑；壓制品；合同；條約；粉質壓成體,压坯,https://terms.naer.edu.tw/
429,comparator,比較器；比側儀,比较器,https://terms.naer.edu.tw/
430,comparison microscope,比測顯微鏡,比较显微镜,https://terms.naer.edu.tw/
431,comparison standard,比較標準,比较标准器,https://terms.naer.edu.tw/
432,comparison value,比較值,比较值,https://terms.naer.edu.tw/
433,compass,羅盤,罗盘仪,https://terms.naer.edu.tw/
434,compass theodolite,羅盤經緯儀,罗盘经纬仪,https://terms.naer.edu.tw/
435,compensator level,自動水準儀,自动安平水准仪,https://terms.naer.edu.tw/
436,composite powder,複合粉末,复合粉,https://terms.naer.edu.tw/
437,Compound control system,復合控制系統,复合控制系统,https://terms.naer.edu.tw/
438,compound die,複式模,复合模,https://terms.naer.edu.tw/
439,compound pendulum,複擺,复摆,https://terms.naer.edu.tw/
440,compressibility,可壓縮性。,压缩性,https://terms.naer.edu.tw/
441,compression ignition engine,壓縮點火引擎,压燃式发动机,https://terms.naer.edu.tw/
442,compression moulding,壓縮模製；壓縮造模；壓鑄,压缩模,https://terms.naer.edu.tw/
443,compression refuse collector,壓縮式垃圾車,压缩式垃圾车,https://terms.naer.edu.tw/
444,compressor with electromagnetically actuated piston,電磁致動活塞壓縮機,电磁驱动活塞压缩机,https://terms.naer.edu.tw/
445,Computer aided control,計算機輔助控制,计算机辅助控制,https://terms.naer.edu.tw/
446,Computer aided technology control,電腦輔助技術控制,计算机辅助工艺控制,https://terms.naer.edu.tw/
447,Computer automatic measurement and control system,電腦自動量測及控制系统,计算机自动测控系统,https://terms.naer.edu.tw/
448,Computer control system,計算機控制系統,计算机控制系统,https://terms.naer.edu.tw/
449,Computer vision,電腦視覺,计算机视觉,https://terms.naer.edu.tw/
450,Computerized numerical control,電腦數值控制；電腦化數值控制,计算机数控,https://terms.naer.edu.tw/
451,Computerized pattern recognition,電腦模式識別,计算机模式识别,https://terms.naer.edu.tw/
452,concave mirror,凹面鏡,凹面镜,https://terms.naer.edu.tw/
453,concrete batching plant,混凝土攪拌站,混凝土配料站,https://terms.naer.edu.tw/
454,concrete delivery vessel,混凝土輸送容器,混凝土输送容器,https://terms.naer.edu.tw/
455,concrete mixer,混凝土混合機,混凝土搅拌机,https://terms.naer.edu.tw/
456,concrete mixing carrier,混凝土攪拌運輸車,混凝土搅拌运输车,https://terms.naer.edu.tw/
457,concrete mixing plant,混凝土拌和廠,混凝土搅拌站,https://terms.naer.edu.tw/
458,concrete mixing tower,混凝土攪拌塔,混凝土搅拌楼,https://terms.naer.edu.tw/
459,concrete pump,混凝土泵,混凝土输送泵,https://terms.naer.edu.tw/
460,concrete pump truck,混凝土泵車,混凝土泵车,https://terms.naer.edu.tw/
461,concrete pump truck,混凝土泵車,混凝土泵车,https://terms.naer.edu.tw/
462,concrete spraying machine,混凝土噴漿機,混凝土喷射机,https://terms.naer.edu.tw/
463,concrete transport skip,混凝土輸送斗,混凝土输送斗,https://terms.naer.edu.tw/
464,Concurrency control,並行控制；並行式控制,并行控制,https://terms.naer.edu.tw/
465,concurrent flow dryer,順流式乾燥機,顺流式干燥机,https://terms.naer.edu.tw/
466,concurrent-counter flow dryer,順逆流乾燥機,顺逆流干燥机,https://terms.naer.edu.tw/
467,condensate pump,凝結水泵，凝結液泵,凝结水泵,https://terms.naer.edu.tw/
468,condenser lens (=condensing lens),聚光透鏡,聚光镜,https://terms.naer.edu.tw/
469,condensing boiler,冷凝式鍋爐,冷凝式锅炉,https://terms.naer.edu.tw/
470,condensing steam turbine,凝水式蒸汽渦輪機,凝汽式汽轮机,https://terms.naer.edu.tw/
471,conductometric analyzer,電導分析儀,电导[式]分析器,https://terms.naer.edu.tw/
472,conformity,一致；相似；從眾性；從眾；嚙合性；符合度；符合；遵照；依從；從眾行為；整合；相應；整合；符合性,一致性,https://terms.naer.edu.tw/
473,conformity error,符合度誤差；符合誤差,一致性误差,https://terms.naer.edu.tw/
474,connection diagram,接線圖,接线图,https://terms.naer.edu.tw/
475,constant current power supply,恒流電源,恒流电源,https://terms.naer.edu.tw/
476,constant voltage power supply,恒定電壓電源,恒压电源,https://terms.naer.edu.tw/
477,constant-head flowmeter,恒定水頭流量計,恒定压头流量计,https://terms.naer.edu.tw/
478,construction winch,建築捲揚機,建筑卷扬机,https://terms.naer.edu.tw/
479,contact fatigue,接觸疲勞,接触疲劳,https://terms.naer.edu.tw/
480,contact interferometer,接觸式干涉儀,接触式干涉仪,https://terms.naer.edu.tw/
481,contact measurement,接觸測量,接触测量,https://terms.naer.edu.tw/
482,contact thermometer,接觸式溫度計,接触测温法,https://terms.naer.edu.tw/
483,container handling crane,貨櫃起重機,集装箱起重机,https://terms.naer.edu.tw/
484,container platform vehicle,貨櫃箱運輸車,集装箱运输车,https://terms.naer.edu.tw/
485,continuous casting,連續鑄造,连续铸造,https://terms.naer.edu.tw/
486,continuous control,連續控制,连续控制,https://terms.naer.edu.tw/
487,continuous cutting,連續切削,连续切削,https://terms.naer.edu.tw/
488,continuous flow dryer,連續式乾燥機,连续式干燥机,https://terms.naer.edu.tw/
489,continuous welding,連續焊,连续焊,https://terms.naer.edu.tw/
490,continuously variable transmission,連續性變速傳動,无级变速,https://terms.naer.edu.tw/
491,contra-rotating fan,對旋式風扇,对旋式通风机,https://terms.naer.edu.tw/
492,control algorithm,控制算則；控制演算法,控制算法,https://terms.naer.edu.tw/
493,control hierarchy,控制階層；控制級別(計算機)；控制層次,控制层次,https://terms.naer.edu.tw/
494,control system,控制系統,控制系统,https://terms.naer.edu.tw/
495,control system,控制系統,控制系统,https://terms.naer.edu.tw/
496,Control theory,控制理論,控制理论,https://terms.naer.edu.tw/
497,control valve,控制閥,控制阀,https://terms.naer.edu.tw/
498,control with fixed set-point,定點控制,定值控制,https://terms.naer.edu.tw/
499,controlled circulation boiler,可調式循環鍋爐,控制循环锅炉,https://terms.naer.edu.tw/
500,controlling equipment,控制設備,施控系统,https://terms.naer.edu.tw/
501,controlling system,控制系統；施控系統,施控系统,https://terms.naer.edu.tw/
502,convertible,轉換式 (印刷機)；可轉換的；可變換的,敞篷车,https://terms.naer.edu.tw/
503,convertible engine,可轉換引擎,可转换发动机,https://terms.naer.edu.tw/
504,convertible saloon,可轉換客廳；活頂乘用車,活顶乘用车,https://terms.naer.edu.tw/
505,conveying fan,輸送風機,传输通风机,https://terms.naer.edu.tw/
506,conveyor,運送機,输送机械,https://terms.naer.edu.tw/
507,conveyor chain,運送鏈，輸送鏈,输送链,https://terms.naer.edu.tw/
508,coordinate boring machine,坐標搪床,坐标镗床,https://terms.naer.edu.tw/
509,coordinate measuring instrument,坐標量度儀,坐标量测仪器,https://terms.naer.edu.tw/
510,cope raise,抬型,抬型,https://terms.naer.edu.tw/
511,copying,印片；複印；複製；翻拍；複照；仿形切削；靠模加工；複寫；曬印,仿形加工,https://terms.naer.edu.tw/
512,copying camera,複照,复照仪,https://terms.naer.edu.tw/
513,copying cutting machine,複製切割機,仿形切割机,https://terms.naer.edu.tw/
514,copying lathe,靠模車床,仿形车床,https://terms.naer.edu.tw/
515,copying machine tool,複製機床,仿形机床,https://terms.naer.edu.tw/
516,copying milling machine,複製銑床,仿形铣床,https://terms.naer.edu.tw/
517,core box,心型盒,芯盒,https://terms.naer.edu.tw/
518,core making,砂心,制芯,https://terms.naer.edu.tw/
519,core raised，core lift,偏砂心,偏芯,https://terms.naer.edu.tw/
520,core sand,心型砂,芯砂,https://terms.naer.edu.tw/
521,core setter,置砂心機,下芯机,https://terms.naer.edu.tw/
522,core wire,心線,焊芯,https://terms.naer.edu.tw/
523,corner,隅點；角；角落；隅角；鄰伴；界點；轉角；棱；彎頭；彎管；角點；桁曳網之袖網,刀尖,https://terms.naer.edu.tw/
524,corner-fired boiler,角燃煤鍋爐,切向燃烧锅炉,https://terms.naer.edu.tw/
525,corner-tube boiler,角管式鍋爐,角管式锅炉,https://terms.naer.edu.tw/
526,correcting element,校正元件,调节机构,https://terms.naer.edu.tw/
527,correction,修正，改正,修正值,https://terms.naer.edu.tw/
528,corrosion,腐蝕；侵蝕；銹蝕,腐蚀,https://terms.naer.edu.tw/
529,corrosion damage,腐蝕損傷；腐蝕損壞,腐蚀损伤,https://terms.naer.edu.tw/
530,corrosion depth,腐蝕深度,腐蚀深度,https://terms.naer.edu.tw/
531,corrosion fatigue,腐蝕疲勞；銹蝕疲勞,腐蚀疲劳,https://terms.naer.edu.tw/
532,corrosion protection,防蝕,防蚀,https://terms.naer.edu.tw/
533,corrosion resistance,耐銹蝕性,耐蚀性,https://terms.naer.edu.tw/
534,corrosion system,腐蝕系統；腐蝕體系,腐蚀体系,https://terms.naer.edu.tw/
535,corrosion-resistant fan,耐腐蝕風扇,耐腐蚀通风机,https://terms.naer.edu.tw/
536,corrosive agent,腐蝕劑,腐蚀剂,https://terms.naer.edu.tw/
537,corrosiveness,腐蝕性,腐蚀性,https://terms.naer.edu.tw/
538,cotton transport vehicle,運棉車,运棉车,https://terms.naer.edu.tw/
539,coulomb meter,電量計；庫倫計,库仑表,https://terms.naer.edu.tw/
540,coulometer,電量計；庫侖計；測冷計,库仑表,https://terms.naer.edu.tw/
541,coulometric analyzer,庫侖分析儀,电量[式]分析器,https://terms.naer.edu.tw/
542,counter blow hammers,對擊鍛錘,对击锤,https://terms.naer.edu.tw/
543,counter flow dryer,逆流式烘乾機,逆流干燥机,https://terms.naer.edu.tw/
544,counter-pressure casting,差壓鑄造,差压铸造,https://terms.naer.edu.tw/
545,counterbore,柱坑；擴孔；鏜孔；平實鑽；擴孔鑽,锪钻,https://terms.naer.edu.tw/
546,countersink,錐坑；埋頭孔；加工埋頭孔,锪钻,https://terms.naer.edu.tw/
547,countersinking,鑽錐坑,锪削,https://terms.naer.edu.tw/
548,coupe,二座轎車,双门乘用车,https://terms.naer.edu.tw/
549,couple,力偶,力偶,https://terms.naer.edu.tw/
550,coupler,耦桿，離合器，聯軸器，耦合器，插頭聯接裝置，聯結器，偶合器，偶合劑，成色劑，聯結者，聯接器,连杆,https://terms.naer.edu.tw/
551,coupling,聯結器；管接頭；聯軸器,联轴器,https://terms.naer.edu.tw/
552,cover die,定模（壓鑄）,定模,https://terms.naer.edu.tw/
553,covered electrode,包覆電熔接條，包覆電焊條,焊条,https://terms.naer.edu.tw/
554,crane,起重機,起重机,https://terms.naer.edu.tw/
555,crane truck,吊車,起重举升汽车,https://terms.naer.edu.tw/
556,crane truck，truck crane,起重機卡車；起重卡車,汽车起重机,https://terms.naer.edu.tw/
557,crank,曲柄；曲軸,曲柄,https://terms.naer.edu.tw/
558,crank pump,曲柄式泵,曲柄泵,https://terms.naer.edu.tw/
559,crank-and-rocker mechanism,曲柄搖桿機構,曲柄摇杆机构,https://terms.naer.edu.tw/
560,cranked link chain,曲柄連接鏈；彎板鏈,弯板链,https://terms.naer.edu.tw/
561,crankless pump,無曲軸泵,无曲柄泵,https://terms.naer.edu.tw/
562,crankshaft piston compressor,曲軸活塞壓縮機,曲轴活塞压缩机,https://terms.naer.edu.tw/
563,crawler crane,覆帶起重機,履带起重机,https://terms.naer.edu.tw/
564,crawler tractor，tracklaying tractor,履帶式曳引機,履带拖拉机,https://terms.naer.edu.tw/
565,crazing,細裂痕；使成裂紋,龟裂,https://terms.naer.edu.tw/
566,creep forming,潛變成形,蠕变成形,https://terms.naer.edu.tw/
567,crevice corrosion,間隙腐蝕,缝隙腐蚀,https://terms.naer.edu.tw/
568,cross compound steam turbine,交叉複合汽輪機,双轴汽轮机,https://terms.naer.edu.tw/
569,cross drum boiler,橫置鼓筒式鍋爐,横锅筒锅炉,https://terms.naer.edu.tw/
570,cross flow dryer,橫流式乾燥機,横流式干燥机,https://terms.naer.edu.tw/
571,cross flow fan,橫流扇,横流式通风机,https://terms.naer.edu.tw/
572,cross flow fan,橫流扇,贯流风机,https://terms.naer.edu.tw/
573,cross head engine,十字頭發動機,十字头式发动机,https://terms.naer.edu.tw/
574,cross passenger car,交叉型客車,交叉型乘用车,https://terms.naer.edu.tw/
575,cross rolling,交叉輥軋,横轧,https://terms.naer.edu.tw/
576,cross shaped joint,十字形接頭,十字接头,https://terms.naer.edu.tw/
577,cross-belt drive,交叉帶傳動,交叉传动,https://terms.naer.edu.tw/
578,cross-flow turbine,雙擊式水輪機,双击式水轮机,https://terms.naer.edu.tw/
579,crossover,轉線路；跨越；交越,跨越,https://terms.naer.edu.tw/
580,crossover shock,交越陡震；交換陡震,跨越冲击,https://terms.naer.edu.tw/
581,cultivating tillage equipment,耕耘設備,中耕机械,https://terms.naer.edu.tw/
582,cup-conveyer feed mechanism,鏈勺式送料機構,链勺式栽种器,https://terms.naer.edu.tw/
583,cupola,熔鐵爐,冲天炉,https://terms.naer.edu.tw/
584,curling,捲邊；捲曲；冰上推石遊戲,卷边,https://terms.naer.edu.tw/
585,curling die,捲邊模,卷边模,https://terms.naer.edu.tw/
586,Current regulator,調流器,电流调节器,https://terms.naer.edu.tw/
587,Current regulator,調流器,电流调节器,https://terms.naer.edu.tw/
588,Current stabilizer,穩流器,稳流器,https://terms.naer.edu.tw/
589,cut-off machine,切斷機,剪切机,https://terms.naer.edu.tw/
590,cutter relieving,讓刀,让刀,https://terms.naer.edu.tw/
591,cutting,路塹,切削,https://terms.naer.edu.tw/
592,cutting condition,切削條件,切削用量,https://terms.naer.edu.tw/
593,cutting edge,刀刃；削邊,切削刃,https://terms.naer.edu.tw/
594,cutting energy,切削能[量],切削能,https://terms.naer.edu.tw/
595,cutting fluid,切削用液,切削液,https://terms.naer.edu.tw/
596,cutting layer,切削層,切削层,https://terms.naer.edu.tw/
597,cutting parameter,切削參數,切削用量,https://terms.naer.edu.tw/
598,cutting power,截削能力,切削功率,https://terms.naer.edu.tw/
599,cutting speed,切割速度,切削速度,https://terms.naer.edu.tw/
600,cutting technology,切割技術；切割工藝,切削加工工艺,https://terms.naer.edu.tw/
601,cutting tip,截削噴嘴,割嘴,https://terms.naer.edu.tw/
602,cutting tool,切削工具，刀具,刀具,https://terms.naer.edu.tw/
603,cutting torch,割炬,割炬,https://terms.naer.edu.tw/
604,cutting-off die,切斷模,切断模,https://terms.naer.edu.tw/
605,Cybernetics,攝控學,控制论,https://terms.naer.edu.tw/
606,cylinder,缸；氣缸；汽缸；缸筒；圓筒；圓柱,气缸,https://terms.naer.edu.tw/
607,cylinder round sifter,滾筒篩分機,滚筒筛分机,https://terms.naer.edu.tw/
608,cylinder type roasting machine,滾筒式烘焙機,滚筒式炒干机,https://terms.naer.edu.tw/
609,cylinder type water-removing machine,滾筒式殺青機,滚筒式杀青机,https://terms.naer.edu.tw/
610,cylindrical beard cutting machine,輥式除芒機,辊式打芒机,https://terms.naer.edu.tw/
611,cylindrical pair,圓柱對,圆柱副,https://terms.naer.edu.tw/
612,cylindrical shell,圓筒殼,筒体,https://terms.naer.edu.tw/
613,cylindrical worm,圓柱蜗杆,圆柱蜗杆,https://terms.naer.edu.tw/
614,cylindrical worm gear pair,圓柱蝸桿對,圆柱蜗杆副,https://terms.naer.edu.tw/
615,D-type boiler,D型鍋爐,D型锅炉,https://terms.naer.edu.tw/
616,dail calliper,撥號卡鉗,带表卡尺,https://terms.naer.edu.tw/
617,datum,基準,基准,https://terms.naer.edu.tw/
618,dead time,無感時間；無用時間；不動時間；停工時間,时滞,https://terms.naer.edu.tw/
619,deck crane,甲板起重機；艙面起重機,甲板起重机,https://terms.naer.edu.tw/
620,decoking pump,除焦泵,除焦泵,https://terms.naer.edu.tw/
621,decompression device,減壓裝置,减压装置,https://terms.naer.edu.tw/
622,decompressor,減壓器,减压器,https://terms.naer.edu.tw/
623,decoring,除心型,除芯,https://terms.naer.edu.tw/
624,deep-hole drilling and boring machine,深孔鑽搪床,深孔镗床,https://terms.naer.edu.tw/
625,deep-hole drilling machine,深孔鑽床,深孔钻床,https://terms.naer.edu.tw/
626,degrees of freedom,自由度,自由度,https://terms.naer.edu.tw/
627,dehumidifier,減濕器,除湿机,https://terms.naer.edu.tw/
628,demountable tanker carrier,可拆卸式油罐車,背罐车,https://terms.naer.edu.tw/
629,densitometer,密度計；濃度計,密度计,https://terms.naer.edu.tw/
630,deposit corrosion,沉積腐蝕；沈積侵蝕,沉积物腐蚀,https://terms.naer.edu.tw/
631,deposition rate,堆積速率；澱積速率,沉积速率,https://terms.naer.edu.tw/
632,depth of cut,進刀深度,切削深度,https://terms.naer.edu.tw/
633,depth of fusion,熔化深度,熔深,https://terms.naer.edu.tw/
634,Deriaz turbine,狄瑞爾斯輪機,斜流转桨式水轮机,https://terms.naer.edu.tw/
635,derivative tractor,衍生型曳引機,变型拖拉机,https://terms.naer.edu.tw/
636,derrick crane,人字起重機，吊桿式起重機,桅杆起重机,https://terms.naer.edu.tw/
637,derrick truck,塔架車,测试井架车,https://terms.naer.edu.tw/
638,derrick-building truck,塔架安裝車,井架安装车,https://terms.naer.edu.tw/
639,descaling pump,除垢泵,除鳞泵,https://terms.naer.edu.tw/
640,design drawing,設計圖,设计图,https://terms.naer.edu.tw/
641,detachable chain,活鉤鏈,可拆链,https://terms.naer.edu.tw/
642,detachable container garbage collector,車艙可拆式垃圾車,车厢可卸式垃圾车,https://terms.naer.edu.tw/
643,detachable less chain,可拆鏈,易拆链,https://terms.naer.edu.tw/
644,detail,細目；細節；細部；零件,详图,https://terms.naer.edu.tw/
645,detail drawing,零件圖；詳圖；細部圖；分圖,零件图,https://terms.naer.edu.tw/
646,detecting instrument,探測儀器；偵測儀器,检测仪器仪表,https://terms.naer.edu.tw/
647,detector,偵檢器；檢測器；檢波器,检测器,https://terms.naer.edu.tw/
648,deviation,偏差；尺寸差；偏向；偏角；羅差；自差；偏航,尺寸偏差,https://terms.naer.edu.tw/
649,dew point transducer,露點轉換器,露点传感器,https://terms.naer.edu.tw/
650,Dewar,杜爾管，兩層管,杜瓦容器,https://terms.naer.edu.tw/
651,diagonal turbine,斜流輸機,斜流式水轮机,https://terms.naer.edu.tw/
652,diagram,圖；線圖；圖表,简图,https://terms.naer.edu.tw/
653,dial gage,伸縮規；指針； 針盤指示器；千分表 ；測微儀；刻度表,百分表,https://terms.naer.edu.tw/
654,dial indicator,針盤指示器；千分表,千分表,https://terms.naer.edu.tw/
655,diaphragm,膜片；隔膜；光圈；橫膈膜,膜片,https://terms.naer.edu.tw/
656,diaphragm capsule,膜片囊；隔膜膠囊,膜盒,https://terms.naer.edu.tw/
657,diaphragm compressor,隔膜壓縮機,隔膜压缩机,https://terms.naer.edu.tw/
658,diaphragm metering pump,隔膜計量泵,隔膜计量泵,https://terms.naer.edu.tw/
659,diaphragm pump,膜片泵,隔膜泵,https://terms.naer.edu.tw/
660,diaphragm spring clutch,隔膜彈簧離合器,膜片弹簧离合器,https://terms.naer.edu.tw/
661,diaphragm valve,膜片閥,隔膜阀,https://terms.naer.edu.tw/
662,dichroic mirror,雙色鏡,二向色镜,https://terms.naer.edu.tw/
663,dichroic mirror,雙色鏡,分色镜,https://terms.naer.edu.tw/
664,die,底模；壓模模座；模；塑模；螺模；晶片；骰子；砧； 剛模；牙板；模具；壓模；衝模；螺紋模；鑄模；迪城；裸晶；管芯；中模；金屬模；壓鑄模 ；剛模字,模具,https://terms.naer.edu.tw/
665,die casting,壓鑄法，壓鑄件,压力铸造,https://terms.naer.edu.tw/
666,die casting die,壓力鑄造模具,压力铸造模具,https://terms.naer.edu.tw/
667,die casting die,壓力鑄造模具,压铸型,https://terms.naer.edu.tw/
668,die casting machine,壓鑄機,压铸机,https://terms.naer.edu.tw/
669,die forging,模鍛法,模锻,https://terms.naer.edu.tw/
670,die forging air hammer,模鍛氣錘,模锻空气锤,https://terms.naer.edu.tw/
671,die handle,模具手柄,板牙架,https://terms.naer.edu.tw/
672,die head threading machine,模頭螺紋機,套丝机,https://terms.naer.edu.tw/
673,die made with low-melting point alloy,低熔點合金模,低熔点合金模,https://terms.naer.edu.tw/
674,diesel engine,柴油機；柴油引擎,柴油机,https://terms.naer.edu.tw/
675,diesel engine,柴油機；柴油引擎,柴油机,https://terms.naer.edu.tw/
676,diesel-gas engine,柴油-瓦斯引擎,柴油燃气发动机,https://terms.naer.edu.tw/
677,differential,差動；微分,差速器,https://terms.naer.edu.tw/
678,differential calculus interference microscope,微分干涉顯微鏡,微分干涉显微镜,https://terms.naer.edu.tw/
679,differential lock,差動裝置鎖，差速鎖,差速锁,https://terms.naer.edu.tw/
680,differential mechanism,差動機構,差动机构,https://terms.naer.edu.tw/
681,differential method of measurement,微差量測法,微差测量法,https://terms.naer.edu.tw/
682,differential piston pump,差動活塞泵,差动活塞泵,https://terms.naer.edu.tw/
683,differential pressure levelmeter,差壓液位計,差压液位计,https://terms.naer.edu.tw/
684,differential pressure transducer,微差壓力轉換器；差壓轉換器；壓差換能器,差压传感器,https://terms.naer.edu.tw/
685,diffuser pump,擴散泵,导叶泵,https://terms.naer.edu.tw/
686,diffusion pump,擴散泵,扩散泵,https://terms.naer.edu.tw/
687,digital transducer,數位轉換器,数字传感器,https://terms.naer.edu.tw/
688,Digitizer,數位轉化器，座標讀取裝置，數化器，坐標讀取儀，數化器，數位機，數字化裝置，數字器，數位化機，數位板,数字化设备,https://terms.naer.edu.tw/
689,dimension,尺寸；維；度；次元；因次,尺寸,https://terms.naer.edu.tw/
690,dimension transducer,維度轉換器；尺度轉換器,尺度传感器,https://terms.naer.edu.tw/
691,dimensional accuracy,尺寸準確度；尺寸精度,尺寸精度,https://terms.naer.edu.tw/
692,dimensional chain,尺寸鏈,尺寸链,https://terms.naer.edu.tw/
693,dining car,餐車,餐车,https://terms.naer.edu.tw/
694,direct acting pump,直接出力泵,直动泵,https://terms.naer.edu.tw/
695,direct method of measurement,直接量測法,直接测量法,https://terms.naer.edu.tw/
696,direct reversing engine,直接反轉引擎,可逆转发动机,https://terms.naer.edu.tw/
697,direct-comparison method of measurement,直接比較量測法,直接比较测量法,https://terms.naer.edu.tw/
698,directional control valve,方向控制閥,方向控制阀,https://terms.naer.edu.tw/
699,disappearing-filament optical pyrometer,隱絲式光學高溫計,隐丝式光学高温计,https://terms.naer.edu.tw/
700,disk brake,圓盤煞車,盘式制动器,https://terms.naer.edu.tw/
701,dissipative theory,耗散結構理論,耗散结构理论,https://terms.naer.edu.tw/
702,distance meter,距離錶；測距儀；測距計；距離測定器,测距仪,https://terms.naer.edu.tw/
703,Distributed numerical control,分散式數值控制,分布式数控,https://terms.naer.edu.tw/
704,Distributed parameter system,分散式參數系統；分布參數系統,分布参数系统,https://terms.naer.edu.tw/
705,distributor,分配器；配電器；分電盤,给料机,https://terms.naer.edu.tw/
706,dividing head,分度頭,分度头,https://terms.naer.edu.tw/
707,dividing machine,分度機，刻度機,刻线机,https://terms.naer.edu.tw/
708,dog clutch,咬接離合器,牙嵌式离合器,https://terms.naer.edu.tw/
709,door roller,滾輪,旋轮,https://terms.naer.edu.tw/
710,dope,塗料,掺杂,https://terms.naer.edu.tw/
711,double boom sprinkling machine,雙臂式噴灑機,双臂式喷灌机,https://terms.naer.edu.tw/
712,double clutch,雙重離合器,双离合器,https://terms.naer.edu.tw/
713,double column planing machine,雙柱龍門刨床,龙门刨床,https://terms.naer.edu.tw/
714,double monochromator,雙重單色儀,双单色仪,https://terms.naer.edu.tw/
715,double plate clutch ；twin-disk clutch,雙片式離合器,双盘离合器,https://terms.naer.edu.tw/
716,double road train,雙公路列車,双挂列车,https://terms.naer.edu.tw/
717,double semi-trailer road train,雙半掛列車,双半挂列车,https://terms.naer.edu.tw/
718,double-acting engine,雙動引擎,双作用发动机,https://terms.naer.edu.tw/
719,double-block-and-bleed valve,雙關雙泄閥,双关双泄放阀,https://terms.naer.edu.tw/
720,double-deck bus,雙層公車,双层客车,https://terms.naer.edu.tw/
721,double-deck lift,雙層升降機,双层电梯,https://terms.naer.edu.tw/
722,double-image tacheometer,雙像快速測距儀,双像快速测距仪,https://terms.naer.edu.tw/
723,double-man tea picking machine,雙人採茶機,双人采茶机,https://terms.naer.edu.tw/
724,double-man tea plant pruning machine,雙人茶樹修剪機,双人茶树修剪机,https://terms.naer.edu.tw/
725,dozer,推土機,推土机,https://terms.naer.edu.tw/
726,drag chain,牽鏈；覆土鏈；制動鏈,拉曳链,https://terms.naer.edu.tw/
727,drawbar pull of tractor,拖拉機拖桿拉力,拖拉机牵引力,https://terms.naer.edu.tw/
728,drawbar tractor combination,拖桿曳引機組合,牵引杆挂车列车,https://terms.naer.edu.tw/
729,drawbar trailer,拖桿拖車,牵引杆挂车,https://terms.naer.edu.tw/
730,drawing,圖；繪圖；拉製；抽製；引伸；回火；併條（紡織）,图,https://terms.naer.edu.tw/
731,drawing die,引伸模,拉深模,https://terms.naer.edu.tw/
732,drawing machine,拉製機；繪圖機；併條機,拉拔机,https://terms.naer.edu.tw/
733,drawing of partial enlargement,局部放大圖,局部放大图,https://terms.naer.edu.tw/
734,drill wagon，jumbo，rig,前桅下橫桁三角帆；大型的客船或飛機；鑽井機；索具；試驗架,钻车,https://terms.naer.edu.tw/
735,drilling,鑽鑿,钻削,https://terms.naer.edu.tw/
736,drilling machine,鑽床,钻床,https://terms.naer.edu.tw/
737,drive axle,輪軸,驱动桥,https://terms.naer.edu.tw/
738,drive shaft,主動軸，驅動軸,传动轴,https://terms.naer.edu.tw/
739,driven link,從動桿；驅動連桿,从动件,https://terms.naer.edu.tw/
740,driving end,駕駛端,传动端,https://terms.naer.edu.tw/
741,driving link,主動桿,主动件,https://terms.naer.edu.tw/
742,driving-point impedance,驅動點阻抗，輸入阻抗,驱动点阻抗,https://terms.naer.edu.tw/
743,driving-point mobility,直接速度響應（振動）；驅動點移動率,驱动点导纳,https://terms.naer.edu.tw/
744,drop forging,落鎚鍛，落鍛,模锻,https://terms.naer.edu.tw/
745,dropping-fishing truck,撒撈卡車,投捞车,https://terms.naer.edu.tw/
746,drum,爐筒,锅筒,https://terms.naer.edu.tw/
747,drum boiler,鼓筒式鍋爐,锅筒锅炉,https://terms.naer.edu.tw/
748,drum lathe,鼓車床,回轮车床,https://terms.naer.edu.tw/
749,drum-type stripper,滾筒脫模具,滚筒起模机,https://terms.naer.edu.tw/
750,dry bag pressing,乾袋壓製,干袋压制,https://terms.naer.edu.tw/
751,dry brake,乾式制動器,干式制动器,https://terms.naer.edu.tw/
752,dry cooling steam turbine,乾冷式汽輪機,空冷式汽轮机,https://terms.naer.edu.tw/
753,dry objective,乾物鏡,干物镜,https://terms.naer.edu.tw/
754,dry pipe,乾汽管,集汽管,https://terms.naer.edu.tw/
755,dry wear,乾磨損,干磨损,https://terms.naer.edu.tw/
756,dual-fuel engine,雙燃料引擎,双燃料发动机,https://terms.naer.edu.tw/
757,dual-fuel vehicle,雙燃料車輛,双燃料汽车,https://terms.naer.edu.tw/
758,dual-pressure valve,雙壓閥,双压阀,https://terms.naer.edu.tw/
759,ducted fan,導管風扇,管道输送通风机,https://terms.naer.edu.tw/
760,dumbwaiter,便食品架，迴轉式食品架，送菜升降機。,杂物电梯,https://terms.naer.edu.tw/
761,dumper,倒垃圾,翻斗车,https://terms.naer.edu.tw/
762,dumper,倒垃圾,自卸车,https://terms.naer.edu.tw/
763,duplicate,副本；複製品；複件,复制图,https://terms.naer.edu.tw/
764,dust fan,除塵風機,排尘通风机,https://terms.naer.edu.tw/
765,dynamic balance of rotor,轉子的動態均衡；轉子的動態平衡,转子的动平衡,https://terms.naer.edu.tw/
766,Dynamic control,動態控制；動力控制,动态控制,https://terms.naer.edu.tw/
767,dynamic load,動力負載,动载荷,https://terms.naer.edu.tw/
768,dynamic measurement,動態測量；動態測定,动态测量,https://terms.naer.edu.tw/
769,earth resistance meter,大地電阻計,接地电阻表,https://terms.naer.edu.tw/
770,eccentric mandrel,偏心模,偏心模,https://terms.naer.edu.tw/
771,eccentric pump,偏心泵,偏心轴泵,https://terms.naer.edu.tw/
772,economizer,省煤器；節熱器；省油器,省煤器,https://terms.naer.edu.tw/
773,eddy current flaw detector,渦流探傷器,涡流探伤仪,https://terms.naer.edu.tw/
774,eddy current testing instrument,渦流測試儀表；渦流試驗儀表,涡流检测仪,https://terms.naer.edu.tw/
775,edge joint,邊緣接合,端接接头,https://terms.naer.edu.tw/
776,Edge recognition,邊緣識別,边缘识别,https://terms.naer.edu.tw/
777,edge-flange joint,捲邊接頭,卷边接头,https://terms.naer.edu.tw/
778,EDM instrument,EDM 儀器,电磁波测距仪,https://terms.naer.edu.tw/
779,ejection,彈射,脱模,https://terms.naer.edu.tw/
780,ejector,彈射器；噴射器,喷射器,https://terms.naer.edu.tw/
781,ejector,彈射器；噴射器,顶出器,https://terms.naer.edu.tw/
782,ejector die,活動模,动模,https://terms.naer.edu.tw/
783,ejector drilling head,噴嘴鑽頭,喷吸钻,https://terms.naer.edu.tw/
784,elastic element,彈性元件,弹性元件,https://terms.naer.edu.tw/
785,elastic impact,彈性衝擊,弹性碰撞,https://terms.naer.edu.tw/
786,elastic link,彈性連桿,弹性构件,https://terms.naer.edu.tw/
787,electric boiler,電熱鍋爐,电加热锅炉,https://terms.naer.edu.tw/
788,electric contact liquid-in-glass thermometer,電接點玻璃溫度計,电接点玻璃温度计,https://terms.naer.edu.tw/
789,Electric control,電控制,电气控制,https://terms.naer.edu.tw/
790,electric current transducer,電流傳感器,电流传感器,https://terms.naer.edu.tw/
791,electric drill,電鑽,电钻,https://terms.naer.edu.tw/
792,electric drive,電力驅動,电气传动,https://terms.naer.edu.tw/
793,electric field strength transducer,電場強度傳感器,电场强度传感器,https://terms.naer.edu.tw/
794,electric induction furnace,電感應電爐,感应电炉,https://terms.naer.edu.tw/
795,electric nibbler,電動囓切機,电冲剪,https://terms.naer.edu.tw/
796,Electric power governor,電力調節器,电力调节器,https://terms.naer.edu.tw/
797,electric quantity transducer,電量傳感器,电学量传感器,https://terms.naer.edu.tw/
798,electric resistance furnace,電阻爐,电阻炉,https://terms.naer.edu.tw/
799,electric vehicle，EV,電動車,电动汽车,https://terms.naer.edu.tw/
800,electric welding machine,電焊機,电焊机,https://terms.naer.edu.tw/
801,electric-hydraulic controller,電動液壓控制器,电液控制,https://terms.naer.edu.tw/
802,electrical measuring instrument,電測定儀器,电工测量仪器仪表,https://terms.naer.edu.tw/
803,electrical zero adjuster,電零位調整器,电零位调节器,https://terms.naer.edu.tw/
804,electro-optical distance meter,光電測距儀,光电测距仪,https://terms.naer.edu.tw/
805,electro-slag welding,電熱熔碴焊接,电渣焊,https://terms.naer.edu.tw/
806,electrochemical corrosion,電化腐蝕；電化學腐蝕,电化学腐蚀,https://terms.naer.edu.tw/
807,electrode holder,電熔接條夾把；電焊條夾把；電極座,焊钳,https://terms.naer.edu.tw/
808,electrodynamic instrument,電動式儀表；力測儀表,电动式仪表,https://terms.naer.edu.tw/
809,electrogas welding,電氣焊,气电立焊,https://terms.naer.edu.tw/
810,electrolytic powder,電解粉末；電解[金屬]粉,电解粉,https://terms.naer.edu.tw/
811,electromagnetic clutch,電磁離合器,电磁离合器,https://terms.naer.edu.tw/
812,electromagnetic instrument,電磁儀器,电磁式仪表,https://terms.naer.edu.tw/
813,electromagnetic pump,電磁泵,电磁泵,https://terms.naer.edu.tw/
814,electromagnetic transducer,電磁轉換器；電磁傳感器；電磁變換器,电磁式传感器,https://terms.naer.edu.tw/
815,electrometer,靜電計,静电计,https://terms.naer.edu.tw/
816,electron beam gun,電子槍,电子束枪,https://terms.naer.edu.tw/
817,electron beam surface alloying,電子束表面合金化,电子束表面合金化,https://terms.naer.edu.tw/
818,electron beam welding,電子束熔接，電子束銲接,电子束焊,https://terms.naer.edu.tw/
819,electron beam welding machine,電子束銲機,电子束焊机,https://terms.naer.edu.tw/
820,electron energy analyzer,電子能量分析器,电子能量分析器,https://terms.naer.edu.tw/
821,electron gun,電子槍,电子枪,https://terms.naer.edu.tw/
822,electron microscope,電子顯微鏡,电子显微镜,https://terms.naer.edu.tw/
823,electron spectrometer,電子[能]譜儀,电子能谱仪,https://terms.naer.edu.tw/
824,electronic analogue-to-digital convertor,電子類比數位轉換器,电子模/数转换器,https://terms.naer.edu.tw/
825,Electronic control,電子控制,电子控制,https://terms.naer.edu.tw/
826,electronic lens,電子透鏡,电子透镜,https://terms.naer.edu.tw/
827,electronic level,電子水平儀,电子水准仪,https://terms.naer.edu.tw/
828,electronic measuring instrument,電子量測儀器,电子测量[仪器]仪表,https://terms.naer.edu.tw/
829,electronic optical instrument,電子光學儀器,电子光学仪器,https://terms.naer.edu.tw/
830,electronic plane table equipment,電子平板設備,电子平板仪,https://terms.naer.edu.tw/
831,electronic range theodolite,電子測距經緯儀,电子测距光学经纬仪,https://terms.naer.edu.tw/
832,electronic tacheometer,電子全站儀,电子快速测距仪,https://terms.naer.edu.tw/
833,electronic theodolite,電子經緯儀,电子经纬仪,https://terms.naer.edu.tw/
834,electronic-controlled printer,電控列印機,电子印像机,https://terms.naer.edu.tw/
835,electrophoresis meter,電泳儀,电泳仪,https://terms.naer.edu.tw/
836,electroplating,電鍍,电镀,https://terms.naer.edu.tw/
837,electroscope,驗電器,验电器,https://terms.naer.edu.tw/
838,electroslag furnace,電渣爐,电渣炉,https://terms.naer.edu.tw/
839,electrostatic instrument,靜電儀器,静电系仪表,https://terms.naer.edu.tw/
840,elementary work,基本功,微元功,https://terms.naer.edu.tw/
841,elevating platform fire truck,登高平台消防車,登高平台消防车,https://terms.naer.edu.tw/
842,elevation,正視圖；高度；海拔；仰角；標高；高程,立面图,https://terms.naer.edu.tw/
843,elevator,電梯，升降機，升降舵,提升机,https://terms.naer.edu.tw/
844,emergency rescue fire vehicle,緊急救援消防車,抢险救援消防车,https://terms.naer.edu.tw/
845,emergency service vehicle,緊急服務車輛,救险车,https://terms.naer.edu.tw/
846,emission spectrum instrument,發射光譜儀,发射光谱仪器,https://terms.naer.edu.tw/
847,emission standard,排放標準,排放标准,https://terms.naer.edu.tw/
848,en masse conveyor,集體運送機,埋刮板输送机,https://terms.naer.edu.tw/
849,end tab,〔銲〕引弧板,引弧板,https://terms.naer.edu.tw/
850,endurance test,持久試驗；耐航試驗,耐振试验,https://terms.naer.edu.tw/
851,engagement of the cutting edge,刀刃銜接,吃刀量,https://terms.naer.edu.tw/
852,engine displacement，engine swept volume,引擎排氣量；發動機排氣量,发动机排量,https://terms.naer.edu.tw/
853,engine with externally supplied ignition,外部點燃式引擎,外源点燃式发动机,https://terms.naer.edu.tw/
854,Engineering cybernetics,工程控制論,工程控制论,https://terms.naer.edu.tw/
855,engineering level,工程水準,工程水准仪,https://terms.naer.edu.tw/
856,engineering theodolite,工程經緯儀,工程经纬仪,https://terms.naer.edu.tw/
857,enveloping worm,環面蝸桿; 球面蝸桿,环面蜗杆,https://terms.naer.edu.tw/
858,environmental error,環境誤差,环境误差,https://terms.naer.edu.tw/
859,epidemic control vehicle,防疫車,防疫车,https://terms.naer.edu.tw/
860,equivalent link,等效連桿；等質連桿；等量連桿,等效构件,https://terms.naer.edu.tw/
861,equivalent mass,等效質量；相當質量,等效质量,https://terms.naer.edu.tw/
862,ermomagnetic oxygen analyzer,熱磁式氧分析器,热磁式氧分析器,https://terms.naer.edu.tw/
863,erosion effect,腐蝕效應；腐蝕作用。腐蝕效應,腐蚀效应,https://terms.naer.edu.tw/
864,erosion wash,冲蝕清洗,冲砂,https://terms.naer.edu.tw/
865,erosion-corrosion,沖蝕-腐蝕；沖蝕腐蝕,磨损腐蚀,https://terms.naer.edu.tw/
866,Error theory,誤差理論,误差理论,https://terms.naer.edu.tw/
867,escalator,電扶梯,自动扶梯,https://terms.naer.edu.tw/
868,ethanol vehicle,乙醇汽車,乙醇汽车,https://terms.naer.edu.tw/
869,evacuated die casting,真空壓鑄,真空压铸,https://terms.naer.edu.tw/
870,excavator,掘鑿機，挖掘機,挖掘机,https://terms.naer.edu.tw/
871,exhaust steam turbine,排汽輪機；排汽渦輪機,乏汽轮机,https://terms.naer.edu.tw/
872,expander,擴張器；擴管器,膨胀机,https://terms.naer.edu.tw/
873,expanding,擴展,扩口,https://terms.naer.edu.tw/
874,expansion turbine，turbo-expander,膨脹式渦輪機,透平膨胀机,https://terms.naer.edu.tw/
875,Expert system,專家系統,专家系统,https://terms.naer.edu.tw/
876,explosion prevention lift,防爆電梯,防爆电梯,https://terms.naer.edu.tw/
877,explosive mix and charge vehicle,炸藥混合進料車,炸药混装车,https://terms.naer.edu.tw/
878,explosives transport van,爆破器材運輸車,爆破器材运输车,https://terms.naer.edu.tw/
879,extensometer,伸長計；伸縮計,引伸计,https://terms.naer.edu.tw/
880,external cylindrical grinding machine,外圓磨床,外圆磨床,https://terms.naer.edu.tw/
881,extraction steam turbine,抽汽式汽輪機,抽汽式汽轮机,https://terms.naer.edu.tw/
882,extrusion,外延；擠出；擠壓；擠製；凸出｛疲勞滑動面｝；擠型；驅逐繪畫；噴出[作用]；極擠壓；噴出；核的排除；機伸 ; 侵出 ; 擠製件；沖塞；伸延；押出；突出；排出,挤压,https://terms.naer.edu.tw/
883,extrusion die,擠壓模,挤压模,https://terms.naer.edu.tw/
884,extrusion press,擠壓機,挤压机,https://terms.naer.edu.tw/
885,face milling machine,平面銑床,端面铁床,https://terms.naer.edu.tw/
886,facing sand,面砂,面砂,https://terms.naer.edu.tw/
887,fame furnace,flame furnace 焰爐,火焰炉,https://terms.naer.edu.tw/
888,fan,風扇；螺旋槳；風機,通风机,https://terms.naer.edu.tw/
889,fan，air blower,風扇；螺旋槳；風機；鼓風機,风机,https://terms.naer.edu.tw/
890,farthest dwell angle,遠接點閉角,远休止角,https://terms.naer.edu.tw/
891,fatigue,疲勞；疲乏,疲劳,https://terms.naer.edu.tw/
892,fatigue damage,疲勞損傷,疲劳损伤,https://terms.naer.edu.tw/
893,fatigue life,疲勞壽命,疲劳寿命,https://terms.naer.edu.tw/
894,fatigue limit,疲勞限界；疲勞極限,疲劳极限,https://terms.naer.edu.tw/
895,fatigue strength,疲勞強度,疲劳强度,https://terms.naer.edu.tw/
896,fatigue test,疲勞試驗,疲劳试样,https://terms.naer.edu.tw/
897,fatigue test,疲勞試驗,疲劳试验,https://terms.naer.edu.tw/
898,Fault diagnosis expert system,故障診斷專家系統,故障诊断专家系统,https://terms.naer.edu.tw/
899,feed energy,進刀能[量]；進給能[量]；進水能[量],进给能,https://terms.naer.edu.tw/
900,feed mechanism for seedling,送苗機構,栽种器,https://terms.naer.edu.tw/
901,feed power,進刀功率；進刀動力；進給功率；進給動力；進水功率；進文動力,进给功率,https://terms.naer.edu.tw/
902,feed rate,進給率,进给量,https://terms.naer.edu.tw/
903,feed speed,進給速率,进给速度,https://terms.naer.edu.tw/
904,Feedback,反饋；回授；回降；迴饋；音訊回授,反馈,https://terms.naer.edu.tw/
905,feedback control,回饋控制；反饋控制；返饋控制；回授控制；迴饋控制,闭环控制,https://terms.naer.edu.tw/
906,feeder,進給器；饋電線；冒口；補給口；給料器,给料机械,https://terms.naer.edu.tw/
907,Feedforward control,前饋控制；前瞻控制,前馈控制,https://terms.naer.edu.tw/
908,feeler,測隙片，觸桿,塞尺,https://terms.naer.edu.tw/
909,ferro-alloy,合金鐵；鐵合金；鑄合金,铁合金,https://terms.naer.edu.tw/
910,ferrodynamic instrument,鐵磁動態儀表,铁磁电动式仪表,https://terms.naer.edu.tw/
911,fiducial error,信任誤差；基準誤差,引用误差,https://terms.naer.edu.tw/
912,file,銼，檔案,锉刀,https://terms.naer.edu.tw/
913,fillet joint,圓角頭接合,角接接头,https://terms.naer.edu.tw/
914,fillet weld,填角熔接；填角銲道,角焊缝,https://terms.naer.edu.tw/
915,filter,過濾器，濾波器，過濾盤,过滤器,https://terms.naer.edu.tw/
916,filter,過濾器，濾波器，過濾盤,滤光片,https://terms.naer.edu.tw/
917,final controlling element,最終控制元件；執行元件,执行器,https://terms.naer.edu.tw/
918,final drive,最後驅動，最後減速齒輪裝置,主减速器,https://terms.naer.edu.tw/
919,fine blanking die,精冲模,精冲模,https://terms.naer.edu.tw/
920,fine boring machine,精密搪床,精镗床,https://terms.naer.edu.tw/
921,fine-crystal superplastic forming,細晶超塑成形,细晶超塑成形,https://terms.naer.edu.tw/
922,finish forging,最後鍛造,终锻,https://terms.naer.edu.tw/
923,finishing cut,精切削,光整加工,https://terms.naer.edu.tw/
924,fire tube,火管,炉胆,https://terms.naer.edu.tw/
925,fire water pump,消防泵,消防泵,https://terms.naer.edu.tw/
926,fire-extinguishing water tanker,水罐消防車,水罐消防车,https://terms.naer.edu.tw/
927,fire-tube boiler,火管鍋爐,火管锅炉,https://terms.naer.edu.tw/
928,firefighter lift,消防員升降機,消防员电梯,https://terms.naer.edu.tw/
929,first angle method,第一角法,第一角画法,https://terms.naer.edu.tw/
930,fish eye,銀點,白点,https://terms.naer.edu.tw/
931,fit,配合；接合,配合,https://terms.naer.edu.tw/
932,fit tolerance,配合公差,配合公差,https://terms.naer.edu.tw/
933,fixed bed dryer,固定床烘乾機,固定床干燥机,https://terms.naer.edu.tw/
934,fixed blade Deriaz turbine,固定葉片狄瑞爾斯渦輪機,斜流定桨式水轮机,https://terms.naer.edu.tw/
935,fixed die,固定模,定模,https://terms.naer.edu.tw/
936,fixed link,固定桿,固定构件,https://terms.naer.edu.tw/
937,fixture,固定物；夾具；型架；定位裝具；配件；零件；定位器；夾緊裝置；裝置夾；裝置,夹具,https://terms.naer.edu.tw/
938,fixture for inspection,檢驗夾具,检验夹具,https://terms.naer.edu.tw/
939,flame cutting machine,火焰切割機,火焰切割机,https://terms.naer.edu.tw/
940,flame tube,燄管；焰管；火管,炉胆,https://terms.naer.edu.tw/
941,flange,凸緣；輪緣（鐵路）；法蘭,法兰,https://terms.naer.edu.tw/
942,flange die,翻邊模,翻边模,https://terms.naer.edu.tw/
943,flanging,翻邊；折邊；翻口；冷輾,翻边,https://terms.naer.edu.tw/
944,flaring die,擴口模,扩口模,https://terms.naer.edu.tw/
945,flashback,回閃，逆燃,回火,https://terms.naer.edu.tw/
946,flask,模箱，砂箱，燒瓶,砂箱,https://terms.naer.edu.tw/
947,flask separator,砂箱分離機,分箱机,https://terms.naer.edu.tw/
948,flat belt,平皮帶,平带,https://terms.naer.edu.tw/
949,flat belt drive,平皮帶驅動,平带传动,https://terms.naer.edu.tw/
950,flat die thread rolling,平模螺紋滾製,搓丝,https://terms.naer.edu.tw/
951,flat spring,板片彈簧,平弹簧,https://terms.naer.edu.tw/
952,flat tea roasting machine with many groove type,多槽式扁形茶烘焙機,多槽式扁茶炒制机,https://terms.naer.edu.tw/
953,flat type tea roasting machine,扁形茶烘焙機,扁形茶炒制机,https://terms.naer.edu.tw/
954,flat welding；downhand welding； flush welding；flush weld ；downhand welding,平面位置焊接。平焊,平焊,https://terms.naer.edu.tw/
955,flattening,扁率；壓扁作用；扁平率； 平坦化,校平,https://terms.naer.edu.tw/
956,flattening die,壓扁模,校平模,https://terms.naer.edu.tw/
957,flexible die,彈性模；彎曲模；可撓模,柔性模,https://terms.naer.edu.tw/
958,"flexible fuel vehicle, FFV",彈性燃料車,灵活燃料汽车,https://terms.naer.edu.tw/
959,flexible link,可撓連桿；彎曲連桿,挠性构件,https://terms.naer.edu.tw/
960,flexible machining line，FML,彈性加工生產線,柔性加工自动线,https://terms.naer.edu.tw/
961,flexible manufacturing cell，FMC,彈性製造單元,柔性制造单元,https://terms.naer.edu.tw/
962,float flowmeter,浮子流量計,浮子流量计,https://terms.naer.edu.tw/
963,floating controller,浮動控制器,无定位控制器,https://terms.naer.edu.tw/
964,floating crane,水上起重機；起重船,浮式起重机,https://terms.naer.edu.tw/
965,floating link,浮桿,连杆,https://terms.naer.edu.tw/
966,flow control valve,流量控制閥,流量控制阀,https://terms.naer.edu.tw/
967,flow diagram,流程圖,流程图,https://terms.naer.edu.tw/
968,Flow regulator,流量調節器,流量调节器,https://terms.naer.edu.tw/
969,Flow transducers,流量傳感器,流量传感器,https://terms.naer.edu.tw/
970,flowmeter,流量計；流量錶；流量表,流量计,https://terms.naer.edu.tw/
971,fluid conveyor,流體輸送機,流体输送机,https://terms.naer.edu.tw/
972,fluid coupling,液壓聯軸器，液體配合，液力傳動器 ; 流體聯結器，流體承接器,液力偶合器,https://terms.naer.edu.tw/
973,fluid pumping vehicle,排液車,排液车,https://terms.naer.edu.tw/
974,fluid sand,流砂（造模用）。,流态砂,https://terms.naer.edu.tw/
975,fluidized bed dryer,浮動層乾燥機,流化床干燥机,https://terms.naer.edu.tw/
976,fluidized-bed boiler,流化床鍋爐；沸騰鍋爐,流化床锅炉,https://terms.naer.edu.tw/
977,fluorescence microscope,螢光顯微鏡,荧光显微镜,https://terms.naer.edu.tw/
978,fluting,冰蝕槽；槽蝕作用,沟蚀,https://terms.naer.edu.tw/
979,flux,焊劑；溶劑；通量,焊剂,https://terms.naer.edu.tw/
980,flux,焊劑；溶劑；通量,熔剂,https://terms.naer.edu.tw/
981,flux cored wire,藥芯銲條；含銲劑芯銲線；複合銲線,药芯焊丝,https://terms.naer.edu.tw/
982,flux meter,磁通計；通量計,磁通表,https://terms.naer.edu.tw/
983,flywheel,飛輪,飞轮,https://terms.naer.edu.tw/
984,foam fire tanker,泡沫消防車,泡沫消防车,https://terms.naer.edu.tw/
985,focusing lens,聚焦透鏡,调焦镜,https://terms.naer.edu.tw/
986,folding die,折模,折边模,https://terms.naer.edu.tw/
987,follow-up control,追蹤控制；跟催控制；隨動控制；跟蹤控制,随动控制,https://terms.naer.edu.tw/
988,foot valve,底閥,底阀,https://terms.naer.edu.tw/
989,force standard machine,力標準機,力标准机,https://terms.naer.edu.tw/
990,force transducer,力換能器,力传感器,https://terms.naer.edu.tw/
991,forestry tractor,林業用曳引機,林业拖拉机,https://terms.naer.edu.tw/
992,forging,鍛造，鍛件,锻造,https://terms.naer.edu.tw/
993,forging and stamping,鍛壓,锻压,https://terms.naer.edu.tw/
994,forging die,鍛模,锻模,https://terms.naer.edu.tw/
995,forging flow line,鍛造流線,锻造流线,https://terms.naer.edu.tw/
996,forging furnace,鍛爐,锻造加热炉,https://terms.naer.edu.tw/
997,forging hammer,鍛鎚,锻锤,https://terms.naer.edu.tw/
998,forging hydraulic press,鍛造液壓機,锻造液压机,https://terms.naer.edu.tw/
999,forging roll,鍛軋輥,辊锻机,https://terms.naer.edu.tw/
1000,forging welding,鍛接，鍛焊,锻接,https://terms.naer.edu.tw/
1001,forgings,鍛件,锻件,https://terms.naer.edu.tw/
1002,fork lift truck,堆高車,叉车,https://terms.naer.edu.tw/
1003,form tolerance,形狀公差,形状公差,https://terms.naer.edu.tw/
1004,format,格式；版式；型式,图纸幅面,https://terms.naer.edu.tw/
1005,former,繞線模,旋压模,https://terms.naer.edu.tw/
1006,forming,型成；成形；定型；構成；模鑄,成形加工,https://terms.naer.edu.tw/
1007,forming,型成；成形；定型；構成；模鑄,[粉末]成形（粉末成形）,https://terms.naer.edu.tw/
1008,forming die,成型鏌,成形模,https://terms.naer.edu.tw/
1009,forward-control passenger car,前控客車,短头乘用车,https://terms.naer.edu.tw/
1010,fossil-fuel-fired boiler,化石燃料鍋爐,化石燃料锅炉,https://terms.naer.edu.tw/
1011,founding,鑄造；澆鑄,铸造,https://terms.naer.edu.tw/
1012,foundry,鑄造，鑄工廠,铸造,https://terms.naer.edu.tw/
1013,four-bar mechanism,四連桿機構,四杆机构,https://terms.naer.edu.tw/
1014,four-stroke cycle,四衝程循環,四冲程循环,https://terms.naer.edu.tw/
1015,four-stroke engine,四衝程[動力]機,四冲程发动机,https://terms.naer.edu.tw/
1016,four-wheel drive tractor,四輪驅動式曳引機,四轮驱动拖拉机,https://terms.naer.edu.tw/
1017,fracturing pipeline truck,壓裂管路卡車,压裂管汇车,https://terms.naer.edu.tw/
1018,fracturing pump,壓裂泵,压裂泵,https://terms.naer.edu.tw/
1019,fracturing truck,壓裂卡車,压裂车,https://terms.naer.edu.tw/
1020,frame,框；架；構架,车架,https://terms.naer.edu.tw/
1021,Francis turbine,法蘭西斯水輪機；佛氏水輪機,混流式水轮机,https://terms.naer.edu.tw/
1022,free piston compressor,自由活塞壓縮機,自由活塞压缩机,https://terms.naer.edu.tw/
1023,freeze drying,冷凍乾燥,冷冻干燥,https://terms.naer.edu.tw/
1024,freezing,凝固；凍結；冰凍,冷冻,https://terms.naer.edu.tw/
1025,frequency meter,頻率計,频率表,https://terms.naer.edu.tw/
1026,fresh leaf grader,鮮葉分級機,鲜叶分级机,https://terms.naer.edu.tw/
1027,fresh leaf spin-drier,鮮葉脫水機,鲜叶脱水机,https://terms.naer.edu.tw/
1028,fretting fatigue,磨損疲勞；磨蝕疲勞；磨耗疲勞,微动疲劳,https://terms.naer.edu.tw/
1029,friction,摩擦，摩擦力,摩擦,https://terms.naer.edu.tw/
1030,friction clutch,摩擦離合器,摩擦式离合器,https://terms.naer.edu.tw/
1031,friction clutch,摩擦離合器,摩擦式离合器,https://terms.naer.edu.tw/
1032,friction error,摩擦誤差,轻敲位移,https://terms.naer.edu.tw/
1033,friction material,摩擦材料,摩擦材料,https://terms.naer.edu.tw/
1034,friction power,摩擦功率；摩擦動力,摩擦功率,https://terms.naer.edu.tw/
1035,friction wheel drive,摩擦輪驅動,摩擦轮传动,https://terms.naer.edu.tw/
1036,friction work,摩擦功,摩擦功,https://terms.naer.edu.tw/
1037,front drive axle,前驅動橋,前驱动桥,https://terms.naer.edu.tw/
1038,front view,正視圖，前視圖,主视图,https://terms.naer.edu.tw/
1039,fuel injection pump,燃料噴射泵，噴油泵,喷油泵,https://terms.naer.edu.tw/
1040,fuel injection pump,燃料噴射泵，噴油泵,喷油泵,https://terms.naer.edu.tw/
1041,fuel injector,燃油噴射器；噴油器,喷油器,https://terms.naer.edu.tw/
1042,full mold process,全模法,实型铸造,https://terms.naer.edu.tw/
1043,full-port valve,全徑閥門,全径阀门,https://terms.naer.edu.tw/
1044,fundamental deviation,基本偏差,基本偏差,https://terms.naer.edu.tw/
1045,fundamental method of measurement,基本量測法,基本测量法,https://terms.naer.edu.tw/
1046,fundamental tolerance,基本公差,标准公差,https://terms.naer.edu.tw/
1047,funiculars,索的，臍帶的，精索的,缆车,https://terms.naer.edu.tw/
1048,furnace,爐子；燃燒室；爐膛；爐,炉膛,https://terms.naer.edu.tw/
1049,furnace,爐子；燃燒室；爐膛；爐,炉胆,https://terms.naer.edu.tw/
1050,furnace and heat recovery area,爐及熱回收區,锅炉本体,https://terms.naer.edu.tw/
1051,fusible pattern injection,壓制熔模,压制熔模,https://terms.naer.edu.tw/
1052,fusion welding,熔焊；熔接,熔[化]焊,https://terms.naer.edu.tw/
1053,Fuzzy control system,模糊控制系統,模糊控制系统,https://terms.naer.edu.tw/
1054,gage,計；表；規,量规,https://terms.naer.edu.tw/
1055,gage block,規矩塊，塊規,量块,https://terms.naer.edu.tw/
1056,gagger,鐵骨,砂钩,https://terms.naer.edu.tw/
1057,galvanometer,電流計,检流计,https://terms.naer.edu.tw/
1058,gamma-ray detection apparatus,γ射線探傷機,γ射线探伤机,https://terms.naer.edu.tw/
1059,gantry type milling machine,龍門銑床,龙门式铣床,https://terms.naer.edu.tw/
1060,garbage dump truck,自卸式垃圾車,自卸式垃圾车,https://terms.naer.edu.tw/
1061,garbage-fired boiler,垃圾鍋爐　,垃圾焚烧锅炉,https://terms.naer.edu.tw/
1062,gas chromatograph,氣相色譜儀,气相色谱仪,https://terms.naer.edu.tw/
1063,gas compressor vehicle,氣體壓縮機車,压缩机车,https://terms.naer.edu.tw/
1064,gas duct,風道,烟道,https://terms.naer.edu.tw/
1065,gas engine,煤氣機；燃氣引擎,煤气机,https://terms.naer.edu.tw/
1066,gas engine,煤氣機；燃氣引擎,燃气发动机,https://terms.naer.edu.tw/
1067,gas metal arc welding， GMAW,氣體金屬弧銲,气体保护焊,https://terms.naer.edu.tw/
1068,gas shielded arc welding machine,氣體保護弧焊機,气体保护弧焊机,https://terms.naer.edu.tw/
1069,gas thermometer,氣體溫度計,气体温度计,https://terms.naer.edu.tw/
1070,gas turbine,燃氣輪機；燃氣渦輪,燃气轮机,https://terms.naer.edu.tw/
1071,gas-fuel engine,氣體燃料引擎,气体燃料内燃机,https://terms.naer.edu.tw/
1072,gas-fuel-fired boiler,氣體燃料鍋爐,气体燃料锅炉,https://terms.naer.edu.tw/
1073,gas-tight fan,氣密式風扇,气密式通风机,https://terms.naer.edu.tw/
1074,gaseous corrosion,氣體腐蝕,气体腐蚀,https://terms.naer.edu.tw/
1075,gasoline engine,汽油機；汽油引擎,汽油机,https://terms.naer.edu.tw/
1076,gasoline engine,汽油機；汽油引擎,汽油机,https://terms.naer.edu.tw/
1077,gate valve,閘閥,闸阀,https://terms.naer.edu.tw/
1078,gating system,澆注系統,浇注系统,https://terms.naer.edu.tw/
1079,gauge pressure,表壓力,表压,https://terms.naer.edu.tw/
1080,gauge pressure transducer,計壓力換能器,表压传感器,https://terms.naer.edu.tw/
1081,gear box,齒輪箱,变速箱,https://terms.naer.edu.tw/
1082,gear chamfering machine,齒輪倒角機,齿轮倒角机,https://terms.naer.edu.tw/
1083,gear cutting machine,切輪機,齿轮加工机床,https://terms.naer.edu.tw/
1084,gear grinding machine,磨齒機,磨齿机,https://terms.naer.edu.tw/
1085,gear hob,滾齒刀,齿轮滚刀,https://terms.naer.edu.tw/
1086,gear hobbing machine,滾齒機,滚齿机,https://terms.naer.edu.tw/
1087,gear honing machine,搪齒機,珩齿机,https://terms.naer.edu.tw/
1088,gear pump,齒輪泵,齿轮泵,https://terms.naer.edu.tw/
1089,gear pump,齒輪泵,齿轮泵,https://terms.naer.edu.tw/
1090,gear rolling machine,齒輪滾床,挤齿机,https://terms.naer.edu.tw/
1091,gear shaper cutter,刨齒刀,插齿刀,https://terms.naer.edu.tw/
1092,gear shaping machine,齒輪刨製機,插齿机,https://terms.naer.edu.tw/
1093,gear shaving cutter,刮齒刀,剃齿刀,https://terms.naer.edu.tw/
1094,gear shaving machine,齒輪刮光機,剃齿机,https://terms.naer.edu.tw/
1095,general plan,總圖,总布置图,https://terms.naer.edu.tw/
1096,general purpose agricultural tractor,通用農用曳引機,一般用途农业拖拉机,https://terms.naer.edu.tw/
1097,general purpose drawbar trailer,通用拖桿拖車,通用牵引杆挂车,https://terms.naer.edu.tw/
1098,general purpose fan,通用風扇,通用通风机,https://terms.naer.edu.tw/
1099,general purpose goods vehicle,通用貨車,普通货车,https://terms.naer.edu.tw/
1100,general purpose machine tool,通用機床,通用机床,https://terms.naer.edu.tw/
1101,General system theory,一般系統理論,一般系统理论,https://terms.naer.edu.tw/
1102,geneva wheel,間歇工作輪，星形輪,槽轮,https://terms.naer.edu.tw/
1103,geological compass,地質指南針；地質羅盤,地质罗盘仪,https://terms.naer.edu.tw/
1104,geometry car,檢測車,检测车,https://terms.naer.edu.tw/
1105,geothermal steam turbine,地熱汽輪機,地热汽轮机,https://terms.naer.edu.tw/
1106,globe valve,球閥,截止阀,https://terms.naer.edu.tw/
1107,go gage,通過規,过规,https://terms.naer.edu.tw/
1108,goods drawbar trailer,貨物拖桿拖車,牵引杆货车挂车,https://terms.naer.edu.tw/
1109,goods lift,運貨電梯；運貨升降機,载货电梯,https://terms.naer.edu.tw/
1110,goods road train,貨物道路列車,货车列车,https://terms.naer.edu.tw/
1111,goods vehicle,大貨車,货车,https://terms.naer.edu.tw/
1112,governor,調速器,调速器,https://terms.naer.edu.tw/
1113,graduated disk,刻度盤,底盘,https://terms.naer.edu.tw/
1114,grain,顆粒；晶粒；水紋；英厘；砂粒；藥柱,磨粒,https://terms.naer.edu.tw/
1115,grain harvester,穀物收穫機,谷物收获机械,https://terms.naer.edu.tw/
1116,granulation,造粒,制粒,https://terms.naer.edu.tw/
1117,grate-fired boiler,爐篦鍋爐,层燃锅炉,https://terms.naer.edu.tw/
1118,grating,格柵,光栅,https://terms.naer.edu.tw/
1119,gravity braking system,重力制動系統,重力制动系,https://terms.naer.edu.tw/
1120,gravity feed welding,重力焊,重力焊,https://terms.naer.edu.tw/
1121,green compact,生壓胚；壓胚,压坯,https://terms.naer.edu.tw/
1122,grey cast iron,灰鑄鐵；灰（口）鑄鐵,灰口铸铁,https://terms.naer.edu.tw/
1123,grinding,輪磨，磨光,磨削,https://terms.naer.edu.tw/
1124,grinding machine,磨床，磨機,磨床,https://terms.naer.edu.tw/
1125,grinding tool,磨具,磨具,https://terms.naer.edu.tw/
1126,grinding wheel,磨輪，砂輪,砂轮,https://terms.naer.edu.tw/
1127,grip,手柄；槳柄；鉚頭間距；鋼板總厚度,抱索器,https://terms.naer.edu.tw/
1128,groove,槽；溝,坡口,https://terms.naer.edu.tw/
1129,groovy corrosion,溝狀腐蝕,沟状腐蚀,https://terms.naer.edu.tw/
1130,gross twisting machine,粗揉機,粗搡机,https://terms.naer.edu.tw/
1131,guide bar，guide link,guide bar 導桿。,导杆,https://terms.naer.edu.tw/
1132,guide block,導塊,导块,https://terms.naer.edu.tw/
1133,gyro-theodolite,正北儀,陀螺经纬仪,https://terms.naer.edu.tw/
1134,H engine,H 引擎,H形发动机,https://terms.naer.edu.tw/
1135,hair spring,遊絲,游丝,https://terms.naer.edu.tw/
1136,Hall transducer,霍爾感測器,霍尔[式]传感器,https://terms.naer.edu.tw/
1137,hammer,鎚，鎯頭,锤子,https://terms.naer.edu.tw/
1138,hammer forging die,鎚鍛模,锤锻模,https://terms.naer.edu.tw/
1139,hand operating test pump,手動試壓泵,手动试压泵,https://terms.naer.edu.tw/
1140,hand pump,手搖泵,手动泵,https://terms.naer.edu.tw/
1141,hand saw,手鋸,手锯,https://terms.naer.edu.tw/
1142,handicapped person carrier,傷殘運輸車,伤残运送车,https://terms.naer.edu.tw/
1143,handle for dismounting broken tap,斷錐起爪,断锥起爪,https://terms.naer.edu.tw/
1144,Handling robot,搬運機器人,搬运机器人,https://terms.naer.edu.tw/
1145,hardness tester,硬度試驗劑，硬度試驗機,硬度计,https://terms.naer.edu.tw/
1146,hardness transducer,硬度傳感器,硬度传感器,https://terms.naer.edu.tw/
1147,hatchback,斜背式的汽車,仓背式乘用车,https://terms.naer.edu.tw/
1148,HCCI engine,HCCI發動機,均质充量压燃式发动机,https://terms.naer.edu.tw/
1149,head shield,護面罩,头罩,https://terms.naer.edu.tw/
1150,header,管集箱；鍛頭機；割穗機；割取裝置,集箱,https://terms.naer.edu.tw/
1151,heading,航向；駛向；礦坑引道；去頭；去芯；抽穗；結球；鍛粗；標頭；坑道頭； 迎頭；煤巷；表頭；標題；色線布頭,镦锻,https://terms.naer.edu.tw/
1152,hearse,殯儀車,殡仪车,https://terms.naer.edu.tw/
1153,heat affected zone，HAZ,熱影響區［域］（銲接）,热影响区,https://terms.naer.edu.tw/
1154,heat exchanger,熱交換器,换热器,https://terms.naer.edu.tw/
1155,heat fatigue,熱疲勞,热疲劳,https://terms.naer.edu.tw/
1156,heat flux transducer,熱通量傳感器,热流传感器,https://terms.naer.edu.tw/
1157,heat pump,熱泵,热泵,https://terms.naer.edu.tw/
1158,heat pump dryer,熱泵乾燥機,热泵干燥机,https://terms.naer.edu.tw/
1159,heat recovery steam generator，HRSG,熱回收蒸汽發生器,余热锅炉,https://terms.naer.edu.tw/
1160,heat resisting cast iron,耐熱鑄鐵,耐热铸铁,https://terms.naer.edu.tw/
1161,heat spot,熱點,热斑,https://terms.naer.edu.tw/
1162,heat transfer boiler,熱傳遞鍋爐,热载体锅炉,https://terms.naer.edu.tw/
1163,heat-pipe boiler,熱管鍋爐,热管锅炉,https://terms.naer.edu.tw/
1164,heated bitumen tanker,熱瀝青運輸車,沥青运输车,https://terms.naer.edu.tw/
1165,heating number,加熱數；加溫數,火次,https://terms.naer.edu.tw/
1166,heavy duty face lathe,重型平面車床,落地车床,https://terms.naer.edu.tw/
1167,heavy tractor,重型曳引機,重型拖拉机,https://terms.naer.edu.tw/
1168,heavy-duty engine,重型發動機,重载发动机,https://terms.naer.edu.tw/
1169,helical pair,螺旋〔運動〕對,螺旋副,https://terms.naer.edu.tw/
1170,helium shielded arc welding,氦氣屏蔽弧焊,氦弧焊,https://terms.naer.edu.tw/
1171,helmet,頭罩；潛水帽；頭盔；盔狀物(日冕)；機罩；煙罩；箍；環；[電銲]頭盔；護盔；盔；安全帽；鋼盔,头罩,https://terms.naer.edu.tw/
1172,high energy rate forging hammer,高能率鍛鎚；高能率鍛錘,高速锤,https://terms.naer.edu.tw/
1173,high energy rate forming,高能率成型,高能成形,https://terms.naer.edu.tw/
1174,high pressure steam turbine,高壓汽輪機,高压汽轮机,https://terms.naer.edu.tw/
1175,high temperature metallurgical microscope,高溫金相顯微鏡,高温金相显微镜,https://terms.naer.edu.tw/
1176,high voltage bridge,高壓電橋,高压电桥,https://terms.naer.edu.tw/
1177,high-altitude wind turbine generator,高空風力發電機,高空风力发电机,https://terms.naer.edu.tw/
1178,high-cycle fatigue,高頻疲勞,高周疲劳,https://terms.naer.edu.tw/
1179,high-frequency drye,高頻乾燥機,高频干燥机,https://terms.naer.edu.tw/
1180,high-pressure boiler,高壓鍋爐,高压锅炉,https://terms.naer.edu.tw/
1181,high-speed blower,高速鼓風機,高速鼓风机,https://terms.naer.edu.tw/
1182,high-speed partial emission pump,高速部分流泵,高速部分流泵,https://terms.naer.edu.tw/
1183,high-temperature fatigue,高溫疲勞,高温疲劳,https://terms.naer.edu.tw/
1184,higher pair,高對,高副,https://terms.naer.edu.tw/
1185,hillside tractor,坡地曳引機,坡地拖拉机,https://terms.naer.edu.tw/
1186,hinge,鉸鏈，合葉。,铰链连接,https://terms.naer.edu.tw/
1187,hinge type flattop chain,鉸鏈式平頂鏈,平顶链,https://terms.naer.edu.tw/
1188,holding furnace,保溫爐,保温炉,https://terms.naer.edu.tw/
1189,hole,孔,孔,https://terms.naer.edu.tw/
1190,hole plate,孔板,孔盘,https://terms.naer.edu.tw/
1191,holographic microscope,全像顯微鏡,全息显微镜,https://terms.naer.edu.tw/
1192,home lift,家用電梯,家用电梯,https://terms.naer.edu.tw/
1193,homogeneous charge compression ignition engine,均質充量壓燃式發動機,均质充量压燃式发动机,https://terms.naer.edu.tw/
1194,honing,搪光,珩磨,https://terms.naer.edu.tw/
1195,honing machine,搪光機,珩磨机,https://terms.naer.edu.tw/
1196,horizon camera,地平線攝影機,地平线摄影机,https://terms.naer.edu.tw/
1197,horizontal barrel,水平滾筒,卧式烘砂滚筒,https://terms.naer.edu.tw/
1198,horizontal beard cutting machine;horizontal awner,臥式除芒機,卧式打芒机,https://terms.naer.edu.tw/
1199,horizontal cyclone furnace,水平旋風爐,卧式旋风炉,https://terms.naer.edu.tw/
1200,horizontal drilling machine,臥式鑽床,卧式钻床,https://terms.naer.edu.tw/
1201,horizontal engine,臥式動力機；臥式引擎,卧式发动机,https://terms.naer.edu.tw/
1202,horizontal forging machine,平鍛機，臥式鍛造機,平锻机,https://terms.naer.edu.tw/
1203,horizontal milling and boring machine,臥式銑搪床,卧式铣镗床,https://terms.naer.edu.tw/
1204,horizontal position welding,橫焊,横焊,https://terms.naer.edu.tw/
1205,horizontal pump,臥式泵,卧式泵,https://terms.naer.edu.tw/
1206,horizontal shell boiler,臥式鍋殼鍋爐,卧式锅壳锅炉,https://terms.naer.edu.tw/
1207,horizontally opposed engine,水平對置發動機，水平對置引擎,水平对置发动机,https://terms.naer.edu.tw/
1208,hose pump,軟管泵,软管泵,https://terms.naer.edu.tw/
1209,hospital lift,醫院電梯,病床电梯,https://terms.naer.edu.tw/
1210,hot bulb engine,熱球式發動機,热球点燃式发动机,https://terms.naer.edu.tw/
1211,hot forging,熱鍛,热锻,https://terms.naer.edu.tw/
1212,hot gas fan,熱氣通風扇,热气通风机,https://terms.naer.edu.tw/
1213,hot isostatic pressing,熱壓,热等静压制,https://terms.naer.edu.tw/
1214,hot pneumatic tube drier,熱氣管乾燥機,热气流烘砂装置,https://terms.naer.edu.tw/
1215,hot water boiler,熱水鍋爐,热水锅炉,https://terms.naer.edu.tw/
1216,humidifier,增濕器,加湿器,https://terms.naer.edu.tw/
1217,Humidity regulator,濕度調節器,湿度调节器,https://terms.naer.edu.tw/
1218,husker,脫殼機；礱穀機,砻谷机,https://terms.naer.edu.tw/
1219,hybrid electric vehicle，HEV,油電混合車　,混合动力汽车,https://terms.naer.edu.tw/
1220,hydraulic actuator,液壓致動器,液压执行元件,https://terms.naer.edu.tw/
1221,hydraulic aerial cage,高空作業車,高空作业车,https://terms.naer.edu.tw/
1222,hydraulic clutch,液壓離合器,液压离合器,https://terms.naer.edu.tw/
1223,hydraulic cylinder,液壓缸,液压缸,https://terms.naer.edu.tw/
1224,hydraulic directional valve,液壓方向閥,液压换向阀,https://terms.naer.edu.tw/
1225,hydraulic end,液壓端,液力端,https://terms.naer.edu.tw/
1226,hydraulic hammer,液力鎚,液压锤,https://terms.naer.edu.tw/
1227,hydraulic lift,液壓升降機,液压电梯,https://terms.naer.edu.tw/
1228,hydraulic machinery,液壓機械，水力機械,水力机械,https://terms.naer.edu.tw/
1229,hydraulic motor,液壓馬達,液压马达,https://terms.naer.edu.tw/
1230,hydraulic press,液壓機,液压机,https://terms.naer.edu.tw/
1231,hydraulic pump,液壓泵,液压泵,https://terms.naer.edu.tw/
1232,hydrodynamic drive,流體動力驅動；水力驅動,液力传动,https://terms.naer.edu.tw/
1233,hydrodynamic retarder,汳體動力減速器；液體動力延遲器,液力缓速器,https://terms.naer.edu.tw/
1234,hydrodynamic transmission system,液力傳動系統,液力传动系,https://terms.naer.edu.tw/
1235,hydrodynamic unit,液力元件,液力元件,https://terms.naer.edu.tw/
1236,hydrogen loss,氫內損失,氢损,https://terms.naer.edu.tw/
1237,hydrostatic level,兩腳式水平儀,液体静力水准仪,https://terms.naer.edu.tw/
1238,hydrostatic transmission system,液壓傳動系統,液压传动系,https://terms.naer.edu.tw/
1239,hydroturbine,水輪機,水轮机,https://terms.naer.edu.tw/
1240,hygrometer,濕度計,湿度计,https://terms.naer.edu.tw/
1241,Hypercycle theory,超循環理論,超循环理论,https://terms.naer.edu.tw/
1242,hysteresis,遲滯性；磁滯性,回差,https://terms.naer.edu.tw/
1243,Ice control,冰控制,冰控制,https://terms.naer.edu.tw/
1244,ice maker,製冰器,制冰机,https://terms.naer.edu.tw/
1245,iding type rice transplanter,乘坐式挿秧機,乘坐式机动水稻插秧机,https://terms.naer.edu.tw/
1246,idle stroke,空轉衝程,空行程,https://terms.naer.edu.tw/
1247,idling,空轉,怠速,https://terms.naer.edu.tw/
1248,illuminance transducer,照度感測器,照度传感器,https://terms.naer.edu.tw/
1249,Image recognition,影像識別,图像识别,https://terms.naer.edu.tw/
1250,image transducer,圖像感測器,图像传感器,https://terms.naer.edu.tw/
1251,immersion objective,油鏡〔顯微鏡〕；浸沒物鏡；浸物鏡,浸液物镜,https://terms.naer.edu.tw/
1252,impact,衝擊，撞擊,碰撞,https://terms.naer.edu.tw/
1253,impact equipment,衝擊設備,冲击设备,https://terms.naer.edu.tw/
1254,impact hammer,衝擊錘,冲击锤,https://terms.naer.edu.tw/
1255,impeller,動葉輪；葉輪,泵轮,https://terms.naer.edu.tw/
1256,impregnant,浸漬劑,浸渗剂,https://terms.naer.edu.tw/
1257,impregnation,浸漬,浸渍,https://terms.naer.edu.tw/
1258,impregnation,浸漬,渗补,https://terms.naer.edu.tw/
1259,impulse,脈衝；衡量,冲量,https://terms.naer.edu.tw/
1260,impulse distance meter,脈衝式測距儀,脉冲式测距仪,https://terms.naer.edu.tw/
1261,impulse steam turbine,衝動式汽輪機,冲动式汽轮机,https://terms.naer.edu.tw/
1262,impulse turbine,衝動式輪機；衝動渦輪機,冲击式水轮机,https://terms.naer.edu.tw/
1263,in-line engine,直列引擎；單排引擎,直列式发动机,https://terms.naer.edu.tw/
1264,in-use vehicle,在用車,在用车,https://terms.naer.edu.tw/
1265,inclined engine,斜置動力機；斜置引擎,斜置式发动机,https://terms.naer.edu.tw/
1266,independently-operated double-acting clutch,獨立操縱的雙作用離合器,独立操纵的双作用离合器,https://terms.naer.edu.tw/
1267,indexed projection,標高投影,标高投影,https://terms.naer.edu.tw/
1268,indicated value,指示值,指示值,https://terms.naer.edu.tw/
1269,indicating device,指示裝置；指示器,指示装置,https://terms.naer.edu.tw/
1270,indicating instrument,指示計器，指示儀器,指示仪器仪表,https://terms.naer.edu.tw/
1271,indirect method of measurement,間接量測法,间接测量法,https://terms.naer.edu.tw/
1272,"induced draft boiler, suction boiler",負壓鍋爐,负压锅炉,https://terms.naer.edu.tw/
1273,inductance box,電感箱,电感箱,https://terms.naer.edu.tw/
1274,inductance meter,享利計；電感表；電感計,电感表,https://terms.naer.edu.tw/
1275,induction heater,感應加熱器,感应加热炉,https://terms.naer.edu.tw/
1276,induction instrument,感應儀表；感應式儀表；感應儀器,感应式仪表,https://terms.naer.edu.tw/
1277,induction unit,感應器,诱导器,https://terms.naer.edu.tw/
1278,inductive micrometer,電感式測微計,电感式测微计,https://terms.naer.edu.tw/
1279,inductive tensiometer,電感式張力計,电感式张力计,https://terms.naer.edu.tw/
1280,inductive transducer,電感式轉換器,电感式传感器,https://terms.naer.edu.tw/
1281,Industrial automation,工業自動化,工业自动化,https://terms.naer.edu.tw/
1282,industrial boiler,工業鍋爐,工业锅炉,https://terms.naer.edu.tw/
1283,industrial process measurement and control instrument,工業程序測量及控制儀表,工业自动化仪表,https://terms.naer.edu.tw/
1284,Industrial robot,工業機器人；工業機械人；工業自動機,工业机器人,https://terms.naer.edu.tw/
1285,industrial steam turbine,工業汽輪機,工业汽轮机,https://terms.naer.edu.tw/
1286,industrial tractor,工業用曳引機,工业拖拉机,https://terms.naer.edu.tw/
1287,inelastic impact,非彈性衝擊,非弹性碰撞,https://terms.naer.edu.tw/
1288,inertia braking system,慣性制動系統,惯性制动系,https://terms.naer.edu.tw/
1289,infiltration,滲透,熔浸,https://terms.naer.edu.tw/
1290,Infinite automata,無限自動機械,无限自动机,https://terms.naer.edu.tw/
1291,Information work automation,資訊工作自動化,情报工作自动化,https://terms.naer.edu.tw/
1292,infrared distance meter,紅外線測距儀,红外测距仪,https://terms.naer.edu.tw/
1293,infrared dryer,紅外線乾燥器；紅外線烘乾機,远红外干燥机,https://terms.naer.edu.tw/
1294,infrared gas analyzer,紅外線氣體分析計； 紅外[線]氣體分析器,红外线气体分析器,https://terms.naer.edu.tw/
1295,infrared light transducer,紅外光感測器,红外光传感器,https://terms.naer.edu.tw/
1296,infrared microscope,紅外[線]顯微鏡,红外显微镜,https://terms.naer.edu.tw/
1297,infrared radiation thermometer,紅外線輻射溫度計,红外辐射温度计,https://terms.naer.edu.tw/
1298,injection mechanism,注射機構,压射机构,https://terms.naer.edu.tw/
1299,injection moulding,射出成形；噴入鑄造法； 射入鑄造法,注射模,https://terms.naer.edu.tw/
1300,inline pump,管道泵,管道泵,https://terms.naer.edu.tw/
1301,inoculated cast iron,接種鑄鐵,孕育铸铁,https://terms.naer.edu.tw/
1302,insert die,嵌型模,镶块式模,https://terms.naer.edu.tw/
1303,insert process,嵌入過程,镶铸法,https://terms.naer.edu.tw/
1304,inspection repair-shop van,檢修車,检修车,https://terms.naer.edu.tw/
1305,installation drawing,裝置圖,安装图,https://terms.naer.edu.tw/
1306,instantaneous center/centre of velocity,瞬時速度中心,速度瞬心,https://terms.naer.edu.tw/
1307,instrument and apparatus,儀器和裝置；儀表和儀器,仪器仪表,https://terms.naer.edu.tw/
1308,instrument truck,儀器車,仪器车,https://terms.naer.edu.tw/
1309,insulated van,隔熱車,保温车,https://terms.naer.edu.tw/
1310,integral controller,積分控制器,积分控制器,https://terms.naer.edu.tw/
1311,integrated transducer,集成感測器,集成传感器,https://terms.naer.edu.tw/
1312,integrating instrument,積分器；積算儀器；積分儀器；積分儀,积分仪器仪表,https://terms.naer.edu.tw/
1313,integrating sphere,積分球,积分球,https://terms.naer.edu.tw/
1314,Intelligent robot,智慧型機器人；智慧機器人,智能机器人,https://terms.naer.edu.tw/
1315,intelligent sensor,智慧型感應器,智能传感器,https://terms.naer.edu.tw/
1316,Intelligibility,可解度，清晰度，可懂度，明瞭度，可理解性,可懂度,https://terms.naer.edu.tw/
1317,intensification machinery for steel bar,鋼筋強化機械,钢筋强化机械,https://terms.naer.edu.tw/
1318,Interactive pattern recognition,交互圖型識別,交互模式识别,https://terms.naer.edu.tw/
1319,Interactive system,交互系統；交互作用系統；交談式系統,交互系统,https://terms.naer.edu.tw/
1320,interference,干涉；干擾,过盈,https://terms.naer.edu.tw/
1321,interferometer,干涉計；干擾計,干涉仪,https://terms.naer.edu.tw/
1322,intermittent welding,間歇熔接；間歇銲接,断续焊,https://terms.naer.edu.tw/
1323,internal combustion engine,內燃機,内燃机,https://terms.naer.edu.tw/
1324,internal grinding machine,內磨床,内圆磨床,https://terms.naer.edu.tw/
1325,international standard,國際標準,国际标准器,https://terms.naer.edu.tw/
1326,interpolation,內插法,插补,https://terms.naer.edu.tw/
1327,interrupted cutting,斷續切削,断续切削,https://terms.naer.edu.tw/
1328,interurban coach,城市間客車；長途客車,长途客车,https://terms.naer.edu.tw/
1329,intrinsic error,基本誤差；固有誤差,基本误差,https://terms.naer.edu.tw/
1330,inverted engine,倒缸發動機；倒缸引擎,倒置式发动机,https://terms.naer.edu.tw/
1331,inverted microscope,倒裝顯微鏡,倒置显微镜,https://terms.naer.edu.tw/
1332,inverted tooth chain,倒齒鍊,齿形链,https://terms.naer.edu.tw/
1333,investigation vehicle,勘察車,勘察车,https://terms.naer.edu.tw/
1334,investment casting,包模鑄造法；脫蠟鑄造法；包模注造；精密注造；熔模鑄造；失蠟鑄造；包模鑄造。,熔模铸造,https://terms.naer.edu.tw/
1335,involute helicoid worm,漸開線蝸桿,渐开线蜗杆,https://terms.naer.edu.tw/
1336,ion plating,離子鍍,离子镀,https://terms.naer.edu.tw/
1337,ionizing transducer,電離傳感器,电离式传感器,https://terms.naer.edu.tw/
1338,Ionospheric noise,電離層噪音,电离层噪声,https://terms.naer.edu.tw/
1339,Ionospherics,電文學,电离层干扰,https://terms.naer.edu.tw/
1340,isolating valve,隔離閥,保温阀,https://terms.naer.edu.tw/
1341,isostatic pressing,等力加壓；均力加壓；均壓法；等壓壓製；等靜壓,等静压制,https://terms.naer.edu.tw/
1342,isothermal forging,等溫鍛造,等温锻,https://terms.naer.edu.tw/
1343,item block,項目塊,明细栏,https://terms.naer.edu.tw/
1344,Iterative solution,迭代解；疊代解,迭代解,https://terms.naer.edu.tw/
1345,jack,起重機；千斤頂,千斤顶,https://terms.naer.edu.tw/
1346,jaw,顎夾；爪；夾片,卡爪,https://terms.naer.edu.tw/
1347,jelly fish machine,鬆包機,松包机,https://terms.naer.edu.tw/
1348,jerk acceleration transducer,衝擊加速度傳感器,冲击加速度传感器,https://terms.naer.edu.tw/
1349,jet fan,射流式通風機；射流風機,射流式通风机,https://terms.naer.edu.tw/
1350,jet pump,噴射泵,射流泵,https://terms.naer.edu.tw/
1351,jib-type crane,臂架型起重機,臂架型起重机,https://terms.naer.edu.tw/
1352,jig,吉格舞曲；模具；波震選礦機；型架；鑽模；衰減波群；夾具；跳汰機；工模；搪模；傑格交捲染色機；機架；篩,夹具,https://terms.naer.edu.tw/
1353,jig grinding machine,工模磨床,坐标磨床,https://terms.naer.edu.tw/
1354,jolt ramming,震搗,振实,https://terms.naer.edu.tw/
1355,kampometer,熱輻射計,热辐射计,https://terms.naer.edu.tw/
1356,Kaplan turbine,克普蘭渦輪機；轉槳式水輪機；卡伯郎渦輪。,轴流转桨式水轮机,https://terms.naer.edu.tw/
1357,kerf,鋸口；截口,切口,https://terms.naer.edu.tw/
1358,kerf width,切口寬度,切口宽度,https://terms.naer.edu.tw/
1359,keyhole welding,穿透型焊接,穿透型焊接法,https://terms.naer.edu.tw/
1360,kinematic pair,運動對,运动副,https://terms.naer.edu.tw/
1361,kinematics of mechanism,機構運動學；機構動力學,机构运动学,https://terms.naer.edu.tw/
1362,knee type milling machine,膝式銑床,升降台铣床,https://terms.naer.edu.tw/
1363,knife-edge tester,刀口測試器,刀口仪,https://terms.naer.edu.tw/
1364,knock-out machine,清箱機,落砂机,https://terms.naer.edu.tw/
1365,Knowledge acquisition,知識獲取；知識取得,知识获取,https://terms.naer.edu.tw/
1366,Knowledge base,知識庫,知识库,https://terms.naer.edu.tw/
1367,Knowledge engineering,知識工程,知识工程,https://terms.naer.edu.tw/
1368,Knowledge reasoning,知識推理,知识推理,https://terms.naer.edu.tw/
1369,Knowledge representation,知識表徵,知识表示,https://terms.naer.edu.tw/
1370,knuckle joint press,關節壓機；立式肘節沖床； 肘節沖床,精压机,https://terms.naer.edu.tw/
1371,laboratory centrifuge,實驗室離心機,实验室离心机,https://terms.naer.edu.tw/
1372,ladle,澆鬥；澆桶；鐵水包,浇包,https://terms.naer.edu.tw/
1373,lancing die,切口模,切舌模,https://terms.naer.edu.tw/
1374,lap joint,搭接,搭接接头,https://terms.naer.edu.tw/
1375,lapping,搭接；研光；捲,研磨,https://terms.naer.edu.tw/
1376,lapping bar,研棒,研棒,https://terms.naer.edu.tw/
1377,lapping housing,研套,研套,https://terms.naer.edu.tw/
1378,lapping plate,研板,研板,https://terms.naer.edu.tw/
1379,large tractor,大型拖拉機,大型拖拉机,https://terms.naer.edu.tw/
1380,laser beam welding,雷射電阻銲接,激光焊,https://terms.naer.edu.tw/
1381,laser beam welding machine,雷射焊機,激光焊机,https://terms.naer.edu.tw/
1382,laser distance meter,雷射測距儀,激光测距仪,https://terms.naer.edu.tw/
1383,laser heat treatment equipment,雷射熱處理設備,激光热处理装置（激光热处理）,https://terms.naer.edu.tw/
1384,laser level,雷射槓桿,激光水准仪,https://terms.naer.edu.tw/
1385,laser microscope,雷射顯微鏡,激光显微镜,https://terms.naer.edu.tw/
1386,laser sensor,雷射感測器,激光传感器,https://terms.naer.edu.tw/
1387,laser surface alloying,激光表面合金化；雷射表面合金化,激光表面合金化,https://terms.naer.edu.tw/
1388,laser theodolite,雷射經緯儀；激光經緯儀,激光经纬仪,https://terms.naer.edu.tw/
1389,latch,閂鎖搭扣；閂扣；門閂,掣子,https://terms.naer.edu.tw/
1390,lathe,車床；銑床；鏇床；走梭板；筘座,车床,https://terms.naer.edu.tw/
1391,lawn and garden tractor,草坪和花園拖拉機,草坪和园艺拖拉机,https://terms.naer.edu.tw/
1392,layer,層,焊层,https://terms.naer.edu.tw/
1393,leaf chain,板式鏈,板式链,https://terms.naer.edu.tw/
1394,Learning,學習,学习,https://terms.naer.edu.tw/
1395,Learning automata,學習自動機,学习自动机,https://terms.naer.edu.tw/
1396,Learning theory,學習理論,学习理论,https://terms.naer.edu.tw/
1397,left view,左視圖,左视图,https://terms.naer.edu.tw/
1398,length measuring instrument,長度量測儀器,长度计量仪器,https://terms.naer.edu.tw/
1399,length measuring machine,長度測定器；測長機,测长机,https://terms.naer.edu.tw/
1400,lettering,字法；標記,字体,https://terms.naer.edu.tw/
1401,level,水平；水平線；位準,水准仪,https://terms.naer.edu.tw/
1402,level transducer,水平換能器；位準換能器,物位传感器,https://terms.naer.edu.tw/
1403,lever valve,槓桿式閥,杠杆式阀,https://terms.naer.edu.tw/
1404,lever-loaded clutch,槓桿壓緊式離合器,杠杆压紧式离合器,https://terms.naer.edu.tw/
1405,Library automation,圖書館自動化,图书馆自动化,https://terms.naer.edu.tw/
1406,lift on ships,船用電梯,船用电梯,https://terms.naer.edu.tw/
1407,lift truck,升降運送車,起重举升汽车,https://terms.naer.edu.tw/
1408,lift without machine room,無機房電梯,无机房电梯,https://terms.naer.edu.tw/
1409,lift，elevator,升降梯；電梯；舉力；升力；升高度；升程；吊索；電梯；升降機；升降舵,电梯,https://terms.naer.edu.tw/
1410,lifting appliances,起重機械,起重机械,https://terms.naer.edu.tw/
1411,light trap,誘蟲燈,诱杀灯,https://terms.naer.edu.tw/
1412,lighting control,照明控制,照明控制,https://terms.naer.edu.tw/
1413,lighting vehicle,照明車,照明车,https://terms.naer.edu.tw/
1414,limit deviation,極限偏差,极限偏差,https://terms.naer.edu.tw/
1415,limiting control,定限控制,极限控制,https://terms.naer.edu.tw/
1416,limits of size,尺寸極限,极限尺寸,https://terms.naer.edu.tw/
1417,line,線；線路,图线,https://terms.naer.edu.tw/
1418,linear acceleration transducer,線加速度傳感器,线加速度传感器,https://terms.naer.edu.tw/
1419,Linear control theory,線性控制理論,线性控制理论,https://terms.naer.edu.tw/
1420,linear displacement grating,直線位移光柵,直线位移光栅,https://terms.naer.edu.tw/
1421,Linear system theory,線性系統理論,线性系统理论,https://terms.naer.edu.tw/
1422,linear velocity transducer,線速度傳感器,线速度传感器,https://terms.naer.edu.tw/
1423,linearity,線性,线性度,https://terms.naer.edu.tw/
1424,lined shoe,襯層靴,制动蹄,https://terms.naer.edu.tw/
1425,lines plan,線型平面圖,型线图,https://terms.naer.edu.tw/
1426,link,連桿；鏈環鏈帶；月牙板,构件,https://terms.naer.edu.tw/
1427,link plate,鏈板,链板,https://terms.naer.edu.tw/
1428,linkage mechanism,連桿機構,连杆机构,https://terms.naer.edu.tw/
1429,linkage-operated double-acting clutch,連桿作動的雙作動離合器,联动操纵的双作用离合器,https://terms.naer.edu.tw/
1430,liquefied gas tanker,液化氣體運輸車,液化气体运输车,https://terms.naer.edu.tw/
1431,liquid chromatograph,液體套色版；液體色譜儀,液相色谱仪,https://terms.naer.edu.tw/
1432,liquid cooled engine,液冷發動機,液冷发动机,https://terms.naer.edu.tw/
1433,liquid crystal thermometer,液晶溫度計,液晶温度计,https://terms.naer.edu.tw/
1434,liquid density transducer,液體密度傳感器,液体密度传感器,https://terms.naer.edu.tw/
1435,Liquid level control,液位控制,液面控制,https://terms.naer.edu.tw/
1436,liquid nitrogen truck,液氮車,液氮车,https://terms.naer.edu.tw/
1437,liquid nitrogen vehicle,液氮車輛,液氮汽车,https://terms.naer.edu.tw/
1438,liquid-fuel engine,液體燃料發動機,液体燃料发动机,https://terms.naer.edu.tw/
1439,liquid-fuel-fired boiler,液體燃料鍋爐,液体燃料锅炉,https://terms.naer.edu.tw/
1440,liquid-in-glass thermometer,玻管充液溫度計；玻璃液體溫度計,玻璃温度计,https://terms.naer.edu.tw/
1441,liquid-ring pump,液環泵,液环泵,https://terms.naer.edu.tw/
1442,liquid-solid handling  pump,液固體處理泵,杂质泵,https://terms.naer.edu.tw/
1443,liquified-petroleum-gas engine,液化石油氣內燃機,液化石油气内燃机,https://terms.naer.edu.tw/
1444,livestock and poultry carrier,畜禽運輸車,畜禽运输车,https://terms.naer.edu.tw/
1445,loader,裝載機,装载机,https://terms.naer.edu.tw/
1446,loading-unloading machine,裝卸機械,装卸机械,https://terms.naer.edu.tw/
1447,loam,泥沙漿,烂泥砂,https://terms.naer.edu.tw/
1448,local clean equipment,局部淨化設備,局部净化设备,https://terms.naer.edu.tw/
1449,localized corrosion,局部性腐蝕,局部腐蚀,https://terms.naer.edu.tw/
1450,locational tolerance,定位公差,定位公差,https://terms.naer.edu.tw/
1451,lock seaming,捲封,咬接,https://terms.naer.edu.tw/
1452,Log-wagons；Tractor,運材車,运材车,https://terms.naer.edu.tw/
1453,logging truck,測井車,测井车,https://terms.naer.edu.tw/
1454,logic control,邏輯控制,逻辑控制,https://terms.naer.edu.tw/
1455,logic diagram,邏輯圖,逻辑图,https://terms.naer.edu.tw/
1456,long-turn flat tea type roasting machine,長捲扁形茶烘焙機,长板式扁茶炒制机,https://terms.naer.edu.tw/
1457,longitudinal drum boiler,縱鼓筒式鍋爐,纵锅筒锅炉,https://terms.naer.edu.tw/
1458,loose tooling,胎模,胎模,https://terms.naer.edu.tw/
1459,loss of ignition,點火損失,灭火,https://terms.naer.edu.tw/
1460,lost pattern casting,失模鑄造,失模铸造,https://terms.naer.edu.tw/
1461,low-cycle fatigue,低週疲勞,低周疲劳,https://terms.naer.edu.tw/
1462,low-floor bus,低底盤公車,低地板客车,https://terms.naer.edu.tw/
1463,low-pressure boiler,低壓鍋爐,低压锅炉,https://terms.naer.edu.tw/
1464,low-pressure die casting,低壓壓鑄,低压铸造,https://terms.naer.edu.tw/
1465,low-pressure steam turbine,低壓蒸汽渦輪機,低压汽轮机,https://terms.naer.edu.tw/
1466,low-speed blower,低速鼓風機,低速鼓风机,https://terms.naer.edu.tw/
1467,low-temperature fatigue,低溫疲勞,低温疲劳,https://terms.naer.edu.tw/
1468,low-temperature liquid tanker,低溫液體運輸車,低温液体运输车,https://terms.naer.edu.tw/
1469,lower deviation,下偏差，下尺寸差,下偏差,https://terms.naer.edu.tw/
1470,lower pair,低對,低副,https://terms.naer.edu.tw/
1471,lubrication,潤滑,润滑,https://terms.naer.edu.tw/
1472,M-regulator,M  - 穩壓器,M-调节器,https://terms.naer.edu.tw/
1473,machine,機械；機器,机器,https://terms.naer.edu.tw/
1474,machine element,機械元件；機械零件；機器單元,[机械]零件,https://terms.naer.edu.tw/
1475,machine identification,機器識別,机器识别,https://terms.naer.edu.tw/
1476,Machine learning,機器學習,机器学习,https://terms.naer.edu.tw/
1477,machine part,機件；機器零件,[机械]零件,https://terms.naer.edu.tw/
1478,machine tool,機具；工具機,机床,https://terms.naer.edu.tw/
1479,machine vice,機械老虎鉗,机用虎钳,https://terms.naer.edu.tw/
1480,Machine vision,機器視覺,机器视觉,https://terms.naer.edu.tw/
1481,machinery,機製；機器,机械,https://terms.naer.edu.tw/
1482,machining,機製；切削；機械加工,机械加工,https://terms.naer.edu.tw/
1483,machining accuracy,機械加工準確度；切削精確度；機製精確度,加工精度,https://terms.naer.edu.tw/
1484,machining allowance,切削裕度,加工余量,https://terms.naer.edu.tw/
1485,machining center,切削機,加工中心,https://terms.naer.edu.tw/
1486,machining error,加工誤差,加工误差,https://terms.naer.edu.tw/
1487,magnet crane,電磁起重機；磁力起重機,电磁起重机,https://terms.naer.edu.tw/
1488,magnetic cleaning equipment,磁力清潔設備,磁选机,https://terms.naer.edu.tw/
1489,Magnetic control,磁控制,磁控制,https://terms.naer.edu.tw/
1490,magnetic drive pump,磁力驅動泵,磁力泵,https://terms.naer.edu.tw/
1491,magnetic drum,磁鼓；磁力筒（磁選機用）,磁力分离滚筒,https://terms.naer.edu.tw/
1492,magnetic field strength transducer,磁場強度訊號轉換器,磁场强度传感器,https://terms.naer.edu.tw/
1493,magnetic flux transducer,磁通訊號轉換器,磁通传感器,https://terms.naer.edu.tw/
1494,magnetic molding process,磁力造模法,磁型铸造,https://terms.naer.edu.tw/
1495,magnetic particle flaw detector,磁粒子探傷器,磁粉探伤机,https://terms.naer.edu.tw/
1496,magnetic powder clutch,磁粉離合器,磁粉离合器,https://terms.naer.edu.tw/
1497,magnetic quantity transducer,磁量訊號轉換器,磁[学量]传感器,https://terms.naer.edu.tw/
1498,magnetic separator,磁選機，磁力分離器,磁力分离设备,https://terms.naer.edu.tw/
1499,magnetometer,磁強（力）計；地磁儀；磁量計,磁强计,https://terms.naer.edu.tw/
1500,making of green machine,作青機,做青机,https://terms.naer.edu.tw/
1501,malleable cast iron,展性鑄鐵,可锻铸铁,https://terms.naer.edu.tw/
1502,Man machine system,人機系統,人机系统,https://terms.naer.edu.tw/
1503,man-hole,人孔,人孔,https://terms.naer.edu.tw/
1504,man-machine communication,人機作業系統,人机通信,https://terms.naer.edu.tw/
1505,Management automation,管理自動化,管理自动化,https://terms.naer.edu.tw/
1506,mandrel,頂心軸；心軸；模蕊；半導體陰極金屬心；心棒；導心桿；緊軸；印花滾筒鐵螺栓,旋压模,https://terms.naer.edu.tw/
1507,manipulator,自動操作機；機械臂；操縱器,焊接操作机,https://terms.naer.edu.tw/
1508,Manostat,穩壓器；恒壓器；恆壓計；壓力穩定器,恒压器,https://terms.naer.edu.tw/
1509,manual welding,手動熔接；人工銲接,手工焊,https://terms.naer.edu.tw/
1510,manufacturing equipment,製造設備,工艺设备,https://terms.naer.edu.tw/
1511,manufacturing process,製程,工艺过程,https://terms.naer.edu.tw/
1512,manufacturing technology,製造技術,机械制造工艺,https://terms.naer.edu.tw/
1513,marine compressor,船用壓縮機,船用压缩机,https://terms.naer.edu.tw/
1514,marine corrosion,海洋腐蝕；海水腐蝕,海洋腐蚀,https://terms.naer.edu.tw/
1515,marine pump,船用泵,船用泵,https://terms.naer.edu.tw/
1516,marine steam turbine,船用汽輪機,船用汽轮机,https://terms.naer.edu.tw/
1517,mass spectrograph,質譜儀,质谱仪器,https://terms.naer.edu.tw/
1518,mass spectrometer,質譜儀,质谱计,https://terms.naer.edu.tw/
1519,mass spectrometer,質譜儀,质谱仪器,https://terms.naer.edu.tw/
1520,master alloy,母合金,中间合金,https://terms.naer.edu.tw/
1521,master pattern,模型,母模,https://terms.naer.edu.tw/
1522,Material processing robot,材料加工機器人,材料加工机器人,https://terms.naer.edu.tw/
1523,material testing machine,材料試驗機,材料试验机,https://terms.naer.edu.tw/
1524,measurement,度量；衡量；測定；測量,测量,https://terms.naer.edu.tw/
1525,measurement error,測定誤差,测量误差,https://terms.naer.edu.tw/
1526,measurement standard,量測標準,［测量］标准器,https://terms.naer.edu.tw/
1527,measuring element,量測元件；測量元件,传感器,https://terms.naer.edu.tw/
1528,measuring instrument,測量儀器；度量衡儀器,测量仪器仪表,https://terms.naer.edu.tw/
1529,measuring range,測定範圍,测量范围,https://terms.naer.edu.tw/
1530,measuring tool,測定工具；測量工具,量具,https://terms.naer.edu.tw/
1531,measuring transducer [with electrical output],量度換能器[電輸出]；量測換能器[電輸出],[电量输出]测量变换器,https://terms.naer.edu.tw/
1532,mechanical braking system,機械制動系統,机械制动系,https://terms.naer.edu.tw/
1533,mechanical drive,機械驅動,机械传动,https://terms.naer.edu.tw/
1534,mechanical engineering,機械工程；機(械)工(程)學,机械工程,https://terms.naer.edu.tw/
1535,mechanical impedance,機械阻抗,机械阻抗,https://terms.naer.edu.tw/
1536,mechanical mobility,機械速度響應；機械導納；機械動性,机械导纳,https://terms.naer.edu.tw/
1537,mechanical quantity transducer,機械量訊號轉換器,力学式传感器,https://terms.naer.edu.tw/
1538,mechanical resonance,機械共振；力學共振；機械諧振,机械共振,https://terms.naer.edu.tw/
1539,mechanical run-out,機械跳動,机械跳动,https://terms.naer.edu.tw/
1540,mechanical shock,機械陡震,机械冲击,https://terms.naer.edu.tw/
1541,mechanical structure type transducer,機械結構型訊號轉換器,结构型传感器,https://terms.naer.edu.tw/
1542,mechanical system,機械系統,机械系统,https://terms.naer.edu.tw/
1543,mechanical transmission system,機械傳動系統,机械传动系,https://terms.naer.edu.tw/
1544,mechanical vibration,機械振動,机械振动,https://terms.naer.edu.tw/
1545,mechanical wear,機械磨損,机械磨损,https://terms.naer.edu.tw/
1546,mechanical zero adjuster,機械零位調節器,机械零位调节器,https://terms.naer.edu.tw/
1547,mechanical-drive steam turbine,機械驅動蒸汽渦輪機,驱动用汽轮机,https://terms.naer.edu.tw/
1548,mechanically  actuated diaphragm metering pump,機械驅動隔膜計量泵,机械隔膜计量泵,https://terms.naer.edu.tw/
1549,mechanism,機構；機構學；機動學,机构,https://terms.naer.edu.tw/
1550,mechanized welding,機械化焊接,机械化焊接,https://terms.naer.edu.tw/
1551,mechano-chemical wear,機械化學磨損,机械化学磨损,https://terms.naer.edu.tw/
1552,medium-pressure boiler,中壓鍋爐,中压锅炉,https://terms.naer.edu.tw/
1553,medium-pressure steam turbine,中壓蒸汽渦輪機,中压汽轮机,https://terms.naer.edu.tw/
1554,megger；megameter ; megohmmeter,高阻表,高阻表,https://terms.naer.edu.tw/
1555,melted metal squeezing,熔融金屬模鍛,液态模锻,https://terms.naer.edu.tw/
1556,melting,熔化,熔炼,https://terms.naer.edu.tw/
1557,melting point type disposable fever thermometer,熔點型消耗式溫度計,熔点型消耗式温度计,https://terms.naer.edu.tw/
1558,metal electrodeposition,金屬電沉積,金属电沉积,https://terms.naer.edu.tw/
1559,metal fuel cell vehicle,金屬燃料電池車輛,金属燃料电池汽车,https://terms.naer.edu.tw/
1560,metal injection moulding,金屬注射模造,金属注射成形（注射成形）,https://terms.naer.edu.tw/
1561,metal penetration,金屬滲透,机械黏砂,https://terms.naer.edu.tw/
1562,metal-cutting machine tool,金屬切削機床,金属切削机床,https://terms.naer.edu.tw/
1563,metallurgical microscope,冶金用顯微鏡,金相显微镜,https://terms.naer.edu.tw/
1564,metallurgy crane,冶金起重機,冶金起重机,https://terms.naer.edu.tw/
1565,metering pump,計量泵；定量泵；限量泵,计量泵,https://terms.naer.edu.tw/
1566,metering pump with electric stroke actuator,電致動計量泵,电控计量泵,https://terms.naer.edu.tw/
1567,metering pump with pneumatic stroke actuator,氣致動計量泵,气控计量泵,https://terms.naer.edu.tw/
1568,metering pump with stroke adjustment,可調衝程計量泵,手调计量泵,https://terms.naer.edu.tw/
1569,methanol vehicle,甲醇車輛,甲醇汽车,https://terms.naer.edu.tw/
1570,method of orthogonal projection,正交投影法。正射影法,正投影法,https://terms.naer.edu.tw/
1571,metric camera,測量攝影機,量测摄影机,https://terms.naer.edu.tw/
1572,metrology vehicle,計量車,计量车,https://terms.naer.edu.tw/
1573,metroscope,測長儀,测长仪,https://terms.naer.edu.tw/
1574,microbial corrosion,微生物腐蝕,微生物腐蚀,https://terms.naer.edu.tw/
1575,micrometer,測微計,测微表,https://terms.naer.edu.tw/
1576,micrometer,測微計,千分尺,https://terms.naer.edu.tw/
1577,micrometer checker,千分錶檢驗儀,千分表检查仪,https://terms.naer.edu.tw/
1578,Microprocessor control system,微處理機控制系統,微处理机控制系统,https://terms.naer.edu.tw/
1579,microscope mirror,顯微鏡反射鏡,显微镜反射镜,https://terms.naer.edu.tw/
1580,microscope photometer,顯微光度計,显微镜光度计,https://terms.naer.edu.tw/
1581,microwave distance meter,微波測距儀,微波测距仪,https://terms.naer.edu.tw/
1582,microwave dryer,微波烘乾機,微波干燥机,https://terms.naer.edu.tw/
1583,middle tractor,中型曳引機,中型拖拉机,https://terms.naer.edu.tw/
1584,mild wear,柔軟磨損；適度磨損,轻微磨损,https://terms.naer.edu.tw/
1585,Military robot,軍用機器人,军用机器人,https://terms.naer.edu.tw/
1586,milk tanker,集乳車,鲜奶运输车,https://terms.naer.edu.tw/
1587,milling,銑；軋製,铣削,https://terms.naer.edu.tw/
1588,milling and drilling machine,銑鑽床,铣钻床,https://terms.naer.edu.tw/
1589,milling cutter,銑刀,铣刀,https://terms.naer.edu.tw/
1590,milling head,銑頭,铣头,https://terms.naer.edu.tw/
1591,milling machine,銑床,铣床,https://terms.naer.edu.tw/
1592,mini compressor,微型壓縮機,微型压缩机,https://terms.naer.edu.tw/
1593,minibus,小型客車,小型客车,https://terms.naer.edu.tw/
1594,mining compass,礦山羅盤,矿山罗盘仪,https://terms.naer.edu.tw/
1595,mirror,鏡；反映,反射[光]镜,https://terms.naer.edu.tw/
1596,mirror stereoscope,反光立體鏡；反射實體鏡,反光立体镜,https://terms.naer.edu.tw/
1597,miscellaneous hazardous material tanker,雜項危險物品罐式運輸車,杂项危险物品罐式运输车,https://terms.naer.edu.tw/
1598,miscellaneous hazardous material van,雜項危險物品廂式運輸車,杂项危险物品厢式运输车,https://terms.naer.edu.tw/
1599,mixed flow dryer,混合式乾燥機,混流式干燥机,https://terms.naer.edu.tw/
1600,mixed powder,混合粉末,混合粉,https://terms.naer.edu.tw/
1601,mixed-cooling compressor,混冷式壓縮機,混冷式压缩机,https://terms.naer.edu.tw/
1602,mixed-flow fan,混流扇風機,混流式通风机,https://terms.naer.edu.tw/
1603,mixed-flow pump,混流泵,混流泵,https://terms.naer.edu.tw/
1604,mobile aircraft landing stairs,機場客梯車,机场客梯车,https://terms.naer.edu.tw/
1605,mobile bee-keeper,養蜂車,养蜂车,https://terms.naer.edu.tw/
1606,mobile boiler,移動式鍋爐,移动式锅炉,https://terms.naer.edu.tw/
1607,mobile crane,移動式起重機,流动式起重机,https://terms.naer.edu.tw/
1608,mobile drill,鑽機車,钻机车,https://terms.naer.edu.tw/
1609,mobile lavatory,流動廁所,厕所车,https://terms.naer.edu.tw/
1610,mobile library,活動圖書館，巡迴圖書館,图书馆车,https://terms.naer.edu.tw/
1611,mobile loudspeaker,宣傳車,宣传车,https://terms.naer.edu.tw/
1612,mobile movie projector,電影放映車,电影放映车,https://terms.naer.edu.tw/
1613,mobile post office,郵政車,邮政车,https://terms.naer.edu.tw/
1614,Mobile robot,可移動機器人；移動式機器人；可移動型機器人,移动式机器人,https://terms.naer.edu.tw/
1615,mobile seed processing machine,移動式種子加工機,移动式种子加工机,https://terms.naer.edu.tw/
1616,mobile shower bath,淋浴車,淋浴车,https://terms.naer.edu.tw/
1617,mobile steam generator,移動蒸汽產生器,锅炉车,https://terms.naer.edu.tw/
1618,mobile store,移動倉庫,售货车,https://terms.naer.edu.tw/
1619,mobile unit truck,電視車,电视车,https://terms.naer.edu.tw/
1620,modal test,模態試驗,模态试验,https://terms.naer.edu.tw/
1621,model drawing,模型圖,毛坯图,https://terms.naer.edu.tw/
1622,Modern control theory,現代控制理論,现代控制理论,https://terms.naer.edu.tw/
1623,modular machine tool,模組機床,组合机床,https://terms.naer.edu.tw/
1624,Modularized robot,模塊化機器人,模块式机器人,https://terms.naer.edu.tw/
1625,moire fringe,莫氏暈紋；疊紋；雲紋；條紋,叠栅条纹,https://terms.naer.edu.tw/
1626,moire fringe grating,疊紋光柵,叠栅条纹光栅,https://terms.naer.edu.tw/
1627,moisture transducer,濕氣轉換器，濕度轉換器,水分传感器,https://terms.naer.edu.tw/
1628,mold,模具；鑄模；模製,铸型,https://terms.naer.edu.tw/
1629,mold assembling,模具組裝,合型,https://terms.naer.edu.tw/
1630,mold blower,吹造機,吹壳机,https://terms.naer.edu.tw/
1631,mold-filling capacity,充型能力,充型能力,https://terms.naer.edu.tw/
1632,molding,模造；塑模；造模,造型,https://terms.naer.edu.tw/
1633,molding box closing device,模具合模機；合箱機,合箱机,https://terms.naer.edu.tw/
1634,molding line,塑模線,造型生产线,https://terms.naer.edu.tw/
1635,molding material,造模材料,造型材料,https://terms.naer.edu.tw/
1636,molding sand,模砂,型砂,https://terms.naer.edu.tw/
1637,molding unit,塑模裝置；塑模組件,造型机组,https://terms.naer.edu.tw/
1638,molten pool,熔［化］池（銲接）,熔池,https://terms.naer.edu.tw/
1639,moment,力矩；瞬時,力矩,https://terms.naer.edu.tw/
1640,moment of inertia,慣性矩,转动惯量,https://terms.naer.edu.tw/
1641,monitor pump,監視器泵,水力采煤泵,https://terms.naer.edu.tw/
1642,monitoring car,監測車,监测车,https://terms.naer.edu.tw/
1643,mono-fuel vehicle,單燃料車輛,单燃料汽车,https://terms.naer.edu.tw/
1644,monochromator,單色光鏡；單色[光]器；單光儀；單色儀；單色光析出器；單波器；單色儀,单色仪,https://terms.naer.edu.tw/
1645,monocular microscope,單筒顯微鏡；單目顯微鏡,单自显微镜,https://terms.naer.edu.tw/
1646,mortar material processing machinery,灰漿材料加工機械,灰浆制备机械,https://terms.naer.edu.tw/
1647,motor caravan,旅居掛車,旅居车,https://terms.naer.edu.tw/
1648,motor pump,馬達幫浦,电动泵,https://terms.naer.edu.tw/
1649,motor test pump,馬達試驗用泵,电动试压泵,https://terms.naer.edu.tw/
1650,motor vehicle,機動車輛,汽车,https://terms.naer.edu.tw/
1651,mottled cast iron,斑鑄鐵,麻口铸铁,https://terms.naer.edu.tw/
1652,mould,模；鑄型；鑄模；外模；模型；模；黴；型板；樣板；模板,模具,https://terms.naer.edu.tw/
1653,mould for plastics,塑膠成形模具,塑料成形模具,https://terms.naer.edu.tw/
1654,moulding machine,鑄型機,造型机,https://terms.naer.edu.tw/
1655,moving die,動模,动模,https://terms.naer.edu.tw/
1656,moving link,運動連桿,运动构件,https://terms.naer.edu.tw/
1657,moving-magnet instrument,動磁式儀表；動磁鐵式儀器,动磁式仪表,https://terms.naer.edu.tw/
1658,multi-fuel engine,多種燃料引擎,多种燃料发动机,https://terms.naer.edu.tw/
1659,multi-fuel-fired boiler,混燒鍋爐,混烧锅炉,https://terms.naer.edu.tw/
1660,multi-function transducer,多功能傳感器,多功能传感器,https://terms.naer.edu.tw/
1661,multi-impulse fatigue,多脈衝疲勞,多冲疲劳,https://terms.naer.edu.tw/
1662,Multi-level control system,多層控制系统,分级控制系统,https://terms.naer.edu.tw/
1663,multi-plate clutch,多板離合器,多盘离合器,https://terms.naer.edu.tw/
1664,multi-pressure steam turbine,多壓式汽輪機,多压式汽轮机,https://terms.naer.edu.tw/
1665,multi-purpose compressor，multi-service compressor,多功能壓縮機,联合压缩机,https://terms.naer.edu.tw/
1666,multi-purpose vehicle，MPV,多用途車輛；多用途載具,多功能汽车,https://terms.naer.edu.tw/
1667,multi-stage fan,多級風扇,多级通风机,https://terms.naer.edu.tw/
1668,multi-support sprinkling machine,多支座噴灑機,多支座喷灌机,https://terms.naer.edu.tw/
1669,multi-teaching head microscope,多教導頭顯微鏡,示教显微镜,https://terms.naer.edu.tw/
1670,multi-tool lathe,多刀車床,多刀车床,https://terms.naer.edu.tw/
1671,multiblade fan,多葉風扇,多叶通风机,https://terms.naer.edu.tw/
1672,multifunction roasting machine for famous tea,多功能茗茶烘焙機,名茶多功能炒制机,https://terms.naer.edu.tw/
1673,Multiloop system,多環路系統,多回路系统,https://terms.naer.edu.tw/
1674,multimeter,萬用電表,万用电表,https://terms.naer.edu.tw/
1675,Multiple attribute utility theory,多屬性效用理論,多属性效用理论,https://terms.naer.edu.tw/
1676,multiple hinges,複鉸鏈；倍數鉸鏈；多重鉸鏈。,复合铰链,https://terms.naer.edu.tw/
1677,multiple vent unit,多重通風裝置,钻气孔机,https://terms.naer.edu.tw/
1678,multiple-speed floating controller,多速浮動控制器,多速无定位控制器,https://terms.naer.edu.tw/
1679,multiple-spot welding,多點焊,多点焊,https://terms.naer.edu.tw/
1680,multipurpose goods vehicle,多用途貨車,多用途货车,https://terms.naer.edu.tw/
1681,multistep controller,多步控制器,多位控制器,https://terms.naer.edu.tw/
1682,Multivariable adaptive control,多變量自適應控制,多变量自适应控制,https://terms.naer.edu.tw/
1683,Multivariable system,多變量系統；多變數系統,多参数系统,https://terms.naer.edu.tw/
1684,muscular energy braking system,肌力制動系統,人力制动系,https://terms.naer.edu.tw/
1685,"Nagler turbine, propeller turbine, axial flow fixed-blade turbine",旋葉輪機,轴流定桨式水轮机,https://terms.naer.edu.tw/
1686,national standard,國家標準,国家标准器,https://terms.naer.edu.tw/
1687,natural circulation boiler,自然循環鍋爐,自然循环锅炉,https://terms.naer.edu.tw/
1688,natural gas engine,天然氣動力機；天然氣引擎,天然气发动机,https://terms.naer.edu.tw/
1689,natural gas vehicle,天然氣車輛,天然气汽车,https://terms.naer.edu.tw/
1690,Natural language understanding,自然語言理解,自然语言理解,https://terms.naer.edu.tw/
1691,naturally aspirated engine,"自然吸氣發動機, 不增壓發動機",非增压发动机,https://terms.naer.edu.tw/
1692,navigation telescope,導航望遠鏡,导航望远镜,https://terms.naer.edu.tw/
1693,NC cutting machine,數控切割機,数控切割机,https://terms.naer.edu.tw/
1694,nearest dwell angle,近休止角,近休止角,https://terms.naer.edu.tw/
1695,neck formation,頸口成形,烧结颈形成,https://terms.naer.edu.tw/
1696,necking,製頸；頸縮,缩口,https://terms.naer.edu.tw/
1697,"necking die, reducing die",縮口模,缩口模,https://terms.naer.edu.tw/
1698,Negative feedback,負反饋,负反馈,https://terms.naer.edu.tw/
1699,nibbling shear,細咬剪,振动剪,https://terms.naer.edu.tw/
1700,nitrogen generating truck,氮氣產生車,氮气发生车,https://terms.naer.edu.tw/
1701,NMR spectrometer,NMR譜儀；核磁共振譜儀,核磁共振仪,https://terms.naer.edu.tw/
1702,no-foundation compressor,無基礎壓縮機,无基础压缩机,https://terms.naer.edu.tw/
1703,nodular graphite cast iron,球狀石墨鑄鐵；球〔狀石〕墨鑄鐵,球墨铸铁,https://terms.naer.edu.tw/
1704,noise thermometer,雜訊溫度計；噪音溫度計,噪声温度计,https://terms.naer.edu.tw/
1705,noise transducer,雜訊傳感器,噪声传感器,https://terms.naer.edu.tw/
1706,non-contact measurement,非接觸測量,非接触测量,https://terms.naer.edu.tw/
1707,non-contact thermometry,非接觸測溫法,非接触测温法,https://terms.naer.edu.tw/
1708,non-interacting control,無相互作用控制,无相关控制,https://terms.naer.edu.tw/
1709,non-linear feedback,非線性反饋,非线性反馈,https://terms.naer.edu.tw/
1710,non-power hydraulic braking,無動力液壓制動,人力液压制动,https://terms.naer.edu.tw/
1711,non-return valve,止回閥,单向阀,https://terms.naer.edu.tw/
1712,non-supercharged engine,非增壓發動機,非增压发动机,https://terms.naer.edu.tw/
1713,nonclogging fan,抗阻塞風扇,抗阻塞通风机,https://terms.naer.edu.tw/
1714,Nonlinear control theory,非線性控制理論,非线性控制理论,https://terms.naer.edu.tw/
1715,normal wear,正常磨損；正常磨耗,正常磨损,https://terms.naer.edu.tw/
1716,normally-closed valve,常閉閥,常闭式阀,https://terms.naer.edu.tw/
1717,normally-open valve,常開式閥,常开式阀,https://terms.naer.edu.tw/
1718,not go gage,止規,止规,https://terms.naer.edu.tw/
1719,notching die,切角模具,切口模,https://terms.naer.edu.tw/
1720,nozzle,噴嘴；火口出入口,喷油嘴,https://terms.naer.edu.tw/
1721,nuclear energy steam boiler,核能蒸氣鍋爐,原子能锅炉,https://terms.naer.edu.tw/
1722,nuclear magnetic resonance spectrometer,核磁共振譜儀；核磁諧振譜儀,核磁共振仪,https://terms.naer.edu.tw/
1723,nuclear steam turbine,核電汽輪機,核电汽轮机,https://terms.naer.edu.tw/
1724,null method of measurement,零位量測法；量測衡消法；零差量測法,零值测量法,https://terms.naer.edu.tw/
1725,Numerical control,數值控制,数控,https://terms.naer.edu.tw/
1726,numerical control cutting,數控切割；數值控制切削,数控切割,https://terms.naer.edu.tw/
1727,numerical control cutting machine,數控切割機,数控切割机,https://terms.naer.edu.tw/
1728,numerical control machine tool,數值控制機床；數值控制工作母機,数控机床,https://terms.naer.edu.tw/
1729,numerical control system,數值控制系統，數控系統,数控系统,https://terms.naer.edu.tw/
1730,Numerically controlled robot,數控機器人,数控机器人,https://terms.naer.edu.tw/
1731,O-type boiler,O型鍋爐,O型锅炉,https://terms.naer.edu.tw/
1732,objective,物鏡,物镜,https://terms.naer.edu.tw/
1733,oblique projection,斜投影,斜投影,https://terms.naer.edu.tw/
1734,oblique projection method,斜投影法,斜投影法,https://terms.naer.edu.tw/
1735,oblique-flow fan,斜流通風機,斜流通风机,https://terms.naer.edu.tw/
1736,observation lift,觀光升降機,观光电梯,https://terms.naer.edu.tw/
1737,ocular,接目鏡,目镜,https://terms.naer.edu.tw/
1738,Off-line control,離線控制,脱机控制,https://terms.naer.edu.tw/
1739,Off-line control,離線控制,离线控制,https://terms.naer.edu.tw/
1740,Off-on control,開關控制; 雙位控制,断通控制,https://terms.naer.edu.tw/
1741,off-road bus,越野客車,越野客车,https://terms.naer.edu.tw/
1742,off-road goods vehicle,越野貨車,越野货车,https://terms.naer.edu.tw/
1743,off-road passenger car,越野乘用車,越野乘用车,https://terms.naer.edu.tw/
1744,off-road vehicle for desert,沙漠越野車輛,沙漠车,https://terms.naer.edu.tw/
1745,Office automation,辦公室自動化,办公自动化,https://terms.naer.edu.tw/
1746,ohmmeter,歐姆表,电阻表,https://terms.naer.edu.tw/
1747,oil hydraulic press,油壓機,油压机,https://terms.naer.edu.tw/
1748,oil-cooled engine,油冷發動機；油冷引擎,油冷式内燃机,https://terms.naer.edu.tw/
1749,oil-fired boiler,燃油鍋爐,燃油锅炉,https://terms.naer.edu.tw/
1750,oil-free compressor,無油壓縮機,无油压缩机,https://terms.naer.edu.tw/
1751,On-line control,連線控制；在線控制,联机控制,https://terms.naer.edu.tw/
1752,on-line processing,線上處理,在线处理,https://terms.naer.edu.tw/
1753,on-off controller,開關控制器,通断控制器,https://terms.naer.edu.tw/
1754,"once-through boiler, mono-tube boiler",單流鍋爐；單程流通式鍋爐,直流锅炉,https://terms.naer.edu.tw/
1755,open-belt drive,開放式皮帶驅動器,开口传动,https://terms.naer.edu.tw/
1756,open-hearth furnace charging crane,平爐加料起重機,平炉加料起重机,https://terms.naer.edu.tw/
1757,open-loop control,開迴路控制,开环控制,https://terms.naer.edu.tw/
1758,open-side planing machine，planing machine with a single column,單柱式刨床,悬臂刨床,https://terms.naer.edu.tw/
1759,open-side type milling machine,懸臂式銑床,悬臂式铣床,https://terms.naer.edu.tw/
1760,operating movement,運轉運動；工作運動；操作運動,工作运动,https://terms.naer.edu.tw/
1761,operation,操作；操動；運動,工序,https://terms.naer.edu.tw/
1762,operation allowance,工序容差,工序余量,https://terms.naer.edu.tw/
1763,operation microscope,手術顯微鏡,手术显微镜,https://terms.naer.edu.tw/
1764,operation van,手術車,手术车,https://terms.naer.edu.tw/
1765,opposed pump,對置式泵,对置式泵,https://terms.naer.edu.tw/
1766,opposed-piston engine,對衝活塞引擎,对动活塞式发动机,https://terms.naer.edu.tw/
1767,optic fiber displacement meter,光纖式位移計,光纤式位移计,https://terms.naer.edu.tw/
1768,optical [quantity] transducer,光（量）傳感器,光[学量]传感器,https://terms.naer.edu.tw/
1769,Optical character recognition device,光學字符識別裝置,光符识别装置,https://terms.naer.edu.tw/
1770,optical fiber,光纖,光学纤维,https://terms.naer.edu.tw/
1771,optical fiber chemical sensor,光纖化學感測器,光纤化学传感器,https://terms.naer.edu.tw/
1772,optical fiber transducer,光纖轉換器,光纤传感器,https://terms.naer.edu.tw/
1773,optical lever,光槓桿,光学杠杆,https://terms.naer.edu.tw/
1774,optical low-pass filter,光學低通濾波器,光学低通滤波器,https://terms.naer.edu.tw/
1775,optical matched filter,光學匹配濾波器,光学匹配滤波器,https://terms.naer.edu.tw/
1776,optical metrological instrument,光學計量儀器,光学计量仪器,https://terms.naer.edu.tw/
1777,optical modulation,光學調變,光调制,https://terms.naer.edu.tw/
1778,optical modulator,光調變器；光學調變器,光调制器,https://terms.naer.edu.tw/
1779,optical oscillograph,光示波器,光线示波器,https://terms.naer.edu.tw/
1780,Optical pattern recognition,光學模式識別,光学模式识别,https://terms.naer.edu.tw/
1781,optical spectrum instrument,光譜儀器,光谱仪器,https://terms.naer.edu.tw/
1782,optical testing instrument,光學測試儀器,光学测试仪器,https://terms.naer.edu.tw/
1783,optical theodolite,光學經緯儀,光学经纬仪,https://terms.naer.edu.tw/
1784,optimal control,最佳控制,最优控制,https://terms.naer.edu.tw/
1785,optimeter,光學比較計；光電比色計；光學比較儀；光學計,光学计,https://terms.naer.edu.tw/
1786,orchard and vineyard tractor,果園、葡萄園拖拉機,果园和葡萄园拖拉机,https://terms.naer.edu.tw/
1787,orientation tolerance,方位公差,定向公差,https://terms.naer.edu.tw/
1788,orthogonal projection,正交投影,正投影,https://terms.naer.edu.tw/
1789,orthoprojector,正射投影儀,正射投影仪,https://terms.naer.edu.tw/
1790,oscillograph,示波器,示[录]波器,https://terms.naer.edu.tw/
1791,oscillographic polarograph,示波極谱儀；示波極譜術,示波极谱仪,https://terms.naer.edu.tw/
1792,oscilloscope,示波器,示波器,https://terms.naer.edu.tw/
1793,outline drawing,外形圖,外形图,https://terms.naer.edu.tw/
1794,Overflow discharge,溢流量,溢流量,https://terms.naer.edu.tw/
1795,overflow valve,溢流閥,溢流阀,https://terms.naer.edu.tw/
1796,overhead conveyor,懸吊式輸送機,悬挂输送机,https://terms.naer.edu.tw/
1797,overhead crane with simple girder,梁式起重機,梁式起重机,https://terms.naer.edu.tw/
1798,overhead welding；upward welding,仰焊,仰焊,https://terms.naer.edu.tw/
1799,overhead-type crane,橋架型起重機,桥架型起重机,https://terms.naer.edu.tw/
1800,overhead-valve engine,頂置氣門發動機,顶置气门发动机,https://terms.naer.edu.tw/
1801,overheating,過熱,过热,https://terms.naer.edu.tw/
1802,overlap,重搭；重疊,焊瘤,https://terms.naer.edu.tw/
1803,overpressure characteristic,超壓特性,超压特性,https://terms.naer.edu.tw/
1804,Override control,越權控制；超越控制,超弛控制,https://terms.naer.edu.tw/
1805,oxyfuel gas welding,燃氧氣焊,气焊,https://terms.naer.edu.tw/
1806,oxyfuel gas welding torch,燃氧氣焊炬,气焊炬,https://terms.naer.edu.tw/
1807,oxygen cutting,氧割,气割,https://terms.naer.edu.tw/
1808,package boiler,整裝鍋爐；袖珍鍋爐,整装锅炉,https://terms.naer.edu.tw/
1809,paddy field tractor,水田曳引機,水田拖拉机,https://terms.naer.edu.tw/
1810,paint catapult,塗料彈塗機,涂料弹涂机,https://terms.naer.edu.tw/
1811,painting machinery,塗裝機械,油漆机械,https://terms.naer.edu.tw/
1812,parking braking system,停車煞車系統,驻车制动系,https://terms.naer.edu.tw/
1813,parking braking system,停車煞車系統,驻车制动系,https://terms.naer.edu.tw/
1814,partial chipless machining,部分切削加工,少切屑加工,https://terms.naer.edu.tw/
1815,partial immersion thermometer,部分浸漬溫度計,局浸温度计,https://terms.naer.edu.tw/
1816,parting die,分割模,剖切模,https://terms.naer.edu.tw/
1817,partition fan,分區風扇；分區風機,间壁式通风机,https://terms.naer.edu.tw/
1818,passenger car,客車,乘用车,https://terms.naer.edu.tw/
1819,passenger car trailer combination,客車拖車組合,乘用车列车,https://terms.naer.edu.tw/
1820,passenger lift,載客升降機,乘客电梯,https://terms.naer.edu.tw/
1821,passenger-goods lift,客貨電梯,客货电梯,https://terms.naer.edu.tw/
1822,passivation,鈍化,钝化,https://terms.naer.edu.tw/
1823,passive state,被動狀態，鈍態,钝态,https://terms.naer.edu.tw/
1824,passive transducer,無源轉換器；被動轉換器；無源換能器,无源传感器,https://terms.naer.edu.tw/
1825,patching,修補,修型,https://terms.naer.edu.tw/
1826,pattern,模型；圖型；型樣,模[样],https://terms.naer.edu.tw/
1827,pattern draft,拔模斜度,起模斜度,https://terms.naer.edu.tw/
1828,Pattern recognition,圖形識別；型式認可；模式辨識；樣式認知；圖型辨識,模式识别,https://terms.naer.edu.tw/
1829,Pattern recognition device,模式識別裝置,模式识别装置,https://terms.naer.edu.tw/
1830,pavement maintenance truck,路面養護車,路面养护车,https://terms.naer.edu.tw/
1831,pawl,爪；摯子；棘爪,棘爪,https://terms.naer.edu.tw/
1832,peak load boiler,尖峰負載鍋爐,尖峰负荷锅炉,https://terms.naer.edu.tw/
1833,peak regulation steam turbine,峰值調整汽輪機,调峰汽轮机,https://terms.naer.edu.tw/
1834,peak voltmeter,頂值電壓計；峰值電壓計；峰值電壓表；峰值伏特器,峰值电压表,https://terms.naer.edu.tw/
1835,Pelton turbine,佩爾頓水輪機；巴爾頓渦輪,水斗式水轮机,https://terms.naer.edu.tw/
1836,penetrant inspection unit,滲透探傷裝置,渗透探伤装置,https://terms.naer.edu.tw/
1837,penetration welding,滲透熔接,熔透型焊接法,https://terms.naer.edu.tw/
1838,perforated distribution plate,打孔分佈板,多孔板,https://terms.naer.edu.tw/
1839,permanent mold casting,金屬模鑄法；金屬模鑄件,金属型铸造,https://terms.naer.edu.tw/
1840,permanent mold casting machine,金屬模鑄造機；永久[鑄]模鑄造機,金属型铸造机,https://terms.naer.edu.tw/
1841,permanent-magnet moving-coil instrument,永磁動圈式儀器。,永磁动圈式仪表,https://terms.naer.edu.tw/
1842,permeameter,磁導計；導磁率計,磁导计,https://terms.naer.edu.tw/
1843,personnel carrier,運兵車,运兵车,https://terms.naer.edu.tw/
1844,perspective projection,透視；投影,透视投影,https://terms.naer.edu.tw/
1845,petro-forge machine,石化鍛造機,内燃锤,https://terms.naer.edu.tw/
1846,phase distance meter,相位式測距儀,相位式测距仪,https://terms.naer.edu.tw/
1847,phase meter,相位計,相位表,https://terms.naer.edu.tw/
1848,phase-changing superplastic forming,相變超塑成形,相变超塑成形,https://terms.naer.edu.tw/
1849,phase-contrast microscope,位相差顯微鏡,相衬显微镜,https://terms.naer.edu.tw/
1850,phase-plate,相板,相位板,https://terms.naer.edu.tw/
1851,photo-elastic effect,光彈效應,光弹效应,https://terms.naer.edu.tw/
1852,photoconductive transducer,光導換能器,光导式传感器,https://terms.naer.edu.tw/
1853,photoelasticimeter,光彈性儀,光弹性仪,https://terms.naer.edu.tw/
1854,photoelectric length meter,光電式長度計,光电式长度计,https://terms.naer.edu.tw/
1855,photoelectric thermometer,光電溫度計,光电温度计,https://terms.naer.edu.tw/
1856,photoelectric transducer,光電換能器,光电式传感器,https://terms.naer.edu.tw/
1857,photoelectric width meter,光電式寬度計,光电式宽度计,https://terms.naer.edu.tw/
1858,photogrammetric instrument,攝影測量儀器,摄影测量仪器,https://terms.naer.edu.tw/
1859,phototheodolite,攝影經緯儀；照相經緯儀,摄影经纬仪,https://terms.naer.edu.tw/
1860,phototube,光電管,光电管,https://terms.naer.edu.tw/
1861,photovoltaic cell,光電池；光生伏打電池；光電管；光[伏打]電池；光伏電池,光电池,https://terms.naer.edu.tw/
1862,physical property type transducer,物性型感測器,物性型传感器,https://terms.naer.edu.tw/
1863,physical quantity transducer,物理量感測器,物理量传感器,https://terms.naer.edu.tw/
1864,physical vapor deposition，PVD,物理汽相澱積；物理氣相沉積；物理蒸氣沈積［法］,物理气相沉积,https://terms.naer.edu.tw/
1865,physico-optical instrument,物理光學儀器,物理光学仪器,https://terms.naer.edu.tw/
1866,pickup,拾音；拾波；檢取；拾波器；拾聲器；拾取器；受波器；電干擾,轻便客货两用车,https://terms.naer.edu.tw/
1867,piercing,穿孔，衝孔,冲孔,https://terms.naer.edu.tw/
1868,piercing die,穿孔模,冲孔模,https://terms.naer.edu.tw/
1869,piezoelectric transducer,壓電式轉換器；壓電式傳感器；壓電換能器,压电式传感器,https://terms.naer.edu.tw/
1870,piezoresistive transducer,壓阻換能器,压阻式传感器,https://terms.naer.edu.tw/
1871,pig iron,生鐵,生铁,https://terms.naer.edu.tw/
1872,pile forcing equipment,壓樁設備,压桩设备,https://terms.naer.edu.tw/
1873,pile forming rig,成樁設備,成桩设备,https://terms.naer.edu.tw/
1874,pilefollower,送樁器,送桩器,https://terms.naer.edu.tw/
1875,piling equipment,打樁設備,打桩设备,https://terms.naer.edu.tw/
1876,pilot injection engine,引燃噴射式發動機,引燃喷射式发动机,https://terms.naer.edu.tw/
1877,pilot injection gas engine,引燃噴射式燃氣發動機,引燃喷射式燃气发动机,https://terms.naer.edu.tw/
1878,pin,銷；針,销,https://terms.naer.edu.tw/
1879,pin puller,插腳拔出器,拔销器,https://terms.naer.edu.tw/
1880,pinhole,針孔；鎖孔；針眼,针孔,https://terms.naer.edu.tw/
1881,pintle chain,銷鏈,销合链,https://terms.naer.edu.tw/
1882,pipe cutting machine,鋸管機；截管機,管子加工机床,https://terms.naer.edu.tw/
1883,piping drawing,管系圖,管系图,https://terms.naer.edu.tw/
1884,piston displacement，piston swept volume,活塞位移；活塞排氣量,活塞排量,https://terms.naer.edu.tw/
1885,piston pump,活塞泵,活塞泵,https://terms.naer.edu.tw/
1886,pit drainage pump,基坑排水泵,矿山排水泵,https://terms.naer.edu.tw/
1887,pit-type tubular turbine,豎井貫流式水輪機,竖井贯流式水轮机,https://terms.naer.edu.tw/
1888,pitting,麻點；點蝕；孔蝕,剥蚀,https://terms.naer.edu.tw/
1889,pitting corrosion,斑蝕,点蚀,https://terms.naer.edu.tw/
1890,plain milling machine,平直狀銑床,平面铣床,https://terms.naer.edu.tw/
1891,plan,平面圖；計畫,平面图,https://terms.naer.edu.tw/
1892,planar contact pair,平面〔運動〕對,平面副,https://terms.naer.edu.tw/
1893,planar mechanism,平面機構,平面机构,https://terms.naer.edu.tw/
1894,plane refueller,飛機加油車,飞机加油车,https://terms.naer.edu.tw/
1895,planer type milling machine,龍門刨床式銑床,龙门式铣床,https://terms.naer.edu.tw/
1896,planing,滑航。,刨削,https://terms.naer.edu.tw/
1897,planing machine,龍門刨床,刨床,https://terms.naer.edu.tw/
1898,plasma arc cutting,電漿電弧切割,等离子弧切割,https://terms.naer.edu.tw/
1899,plasma arc welding machine,電漿電弧焊機,等离子弧焊机,https://terms.naer.edu.tw/
1900,plasma arc welding，PAW,電槳弧銲［接］,等离子弧焊,https://terms.naer.edu.tw/
1901,plasma chemical vapor deposition，PCVD,等離子化學氣相沉積,等离子体化学气相沉积,https://terms.naer.edu.tw/
1902,plasma cutting machine,電漿切割機,等离子切割机,https://terms.naer.edu.tw/
1903,plasma transport van,電漿運輸車,血浆运输车,https://terms.naer.edu.tw/
1904,plastering machinery,修塗機,抹灰机械,https://terms.naer.edu.tw/
1905,plastic working of metal，metal technology of plasticity,金屬塑性加工,金属塑性加工,https://terms.naer.edu.tw/
1906,plate rotary shears,板旋轉剪機,滚剪机,https://terms.naer.edu.tw/
1907,plate shear,板塊剪移,剪板机,https://terms.naer.edu.tw/
1908,platform road train,平板列車,平板列车,https://terms.naer.edu.tw/
1909,ploughing,花筒刮傷,犁沟,https://terms.naer.edu.tw/
1910,plowing,水上滑行；艏突部,犁沟,https://terms.naer.edu.tw/
1911,plug gage,塞規,塞规,https://terms.naer.edu.tw/
1912,plug valve,塞閥,旋塞阀,https://terms.naer.edu.tw/
1913,plug weld,塞孔熔接,塞焊,https://terms.naer.edu.tw/
1914,plumb derrick truck,立放井架車,立放井架车,https://terms.naer.edu.tw/
1915,plunger metering pump,柱塞計量泵,柱塞计量泵,https://terms.naer.edu.tw/
1916,plunger pump,柱塞泵,柱塞泵,https://terms.naer.edu.tw/
1917,plunger pump,柱塞泵,柱塞泵,https://terms.naer.edu.tw/
1918,plunging,奔波；冲浪；捲形碎波；沖波,翻孔,https://terms.naer.edu.tw/
1919,plunging die,柱塞模,翻孔模,https://terms.naer.edu.tw/
1920,pneumatic braking,氣壓制動,气压制动,https://terms.naer.edu.tw/
1921,pneumatic cement-discharging tanker,氣動下灰車,下灰车,https://terms.naer.edu.tw/
1922,pneumatic chipping hammer,氣動鑿鎚,气铲,https://terms.naer.edu.tw/
1923,pneumatic circuit,氣壓回路,气动回路,https://terms.naer.edu.tw/
1924,pneumatic control,氣力控制,气动控制,https://terms.naer.edu.tw/
1925,pneumatic drill,氣鑽,气钻,https://terms.naer.edu.tw/
1926,pneumatic drill,氣鑽,气钻,https://terms.naer.edu.tw/
1927,pneumatic file,氣動銼刀,气锉刀,https://terms.naer.edu.tw/
1928,pneumatic hammer,氣鎚；氣動鎚；壓縮空氣鎚,空气锤,https://terms.naer.edu.tw/
1929,pneumatic jack,氣力千斤頂,气顶,https://terms.naer.edu.tw/
1930,pneumatic mill,氣動銑刀,气铣刀,https://terms.naer.edu.tw/
1931,pneumatic pick,氣力鎬,气镐,https://terms.naer.edu.tw/
1932,Pneumatic reducer,氣動減壓器,气动减压器,https://terms.naer.edu.tw/
1933,Pneumatic reducer,氣動減壓器,冷气减压器,https://terms.naer.edu.tw/
1934,pneumatic saw,氣動鋸,气锯,https://terms.naer.edu.tw/
1935,pneumatic shears,氣剪刀,气剪,https://terms.naer.edu.tw/
1936,pneumatic spade,氣鍬,气锹,https://terms.naer.edu.tw/
1937,pneumatic system,氣流系統；氣動系統；氣壓系統；空壓系統；氣動操作系統,气动系统,https://terms.naer.edu.tw/
1938,pneumatic tool，air tool,氣力工具；氣動工具,气动工具,https://terms.naer.edu.tw/
1939,pneumatic transmission,氣動傳送；氣動傳輸,气压传动,https://terms.naer.edu.tw/
1940,pneumatic wrench,氣力扳手,气扳机,https://terms.naer.edu.tw/
1941,pneumatics,氣力學；氣壓學,气动技术,https://terms.naer.edu.tw/
1942,point transfer device,像片轉點儀,刺点仪,https://terms.naer.edu.tw/
1943,polarizing microscope,偏光顯微鏡,偏光显微镜,https://terms.naer.edu.tw/
1944,police dog carrier,警犬運輸車,警犬运输车,https://terms.naer.edu.tw/
1945,police van,警用車,警用车,https://terms.naer.edu.tw/
1946,polishing,拋光,抛光,https://terms.naer.edu.tw/
1947,polygon engine,多邊形發動機,多边形发动机,https://terms.naer.edu.tw/
1948,polymer injection pump,聚合體噴射泵,注聚泵,https://terms.naer.edu.tw/
1949,pore-free die casting,充氧壓鑄,充氧压铸,https://terms.naer.edu.tw/
1950,Porosity,多孔性，氣孔,疏松,https://terms.naer.edu.tw/
1951,portable instrument,可攜儀器；便攜式儀器,便携式仪器仪表,https://terms.naer.edu.tw/
1952,portable tea plant pruning machine,手提式茶樹修剪機,手提式茶树修剪机,https://terms.naer.edu.tw/
1953,portable type tea picking machine,手提式採茶機,手提式采茶机,https://terms.naer.edu.tw/
1954,portal bridge crane，gantry crane,高架起重機；支架式起重機,门式起重机,https://terms.naer.edu.tw/
1955,portal slewing crane,門形轉動起重機,门座起重机,https://terms.naer.edu.tw/
1956,position,位置,工位,https://terms.naer.edu.tw/
1957,position tolerance,位置公差,位置公差,https://terms.naer.edu.tw/
1958,position transducer,位置轉換器；位置換能器,位置传感器,https://terms.naer.edu.tw/
1959,Positive feedback,正反饋；正回授；正回饋,正反馈,https://terms.naer.edu.tw/
1960,positive-displacement compressor,容積式壓縮機,容积式压缩机,https://terms.naer.edu.tw/
1961,positive-displacement pump,正排量泵,容积式泵,https://terms.naer.edu.tw/
1962,post-sintering treatment,燒結後處理,烧结后处理,https://terms.naer.edu.tw/
1963,potentiometric analyzer,電位分析器,电位[式]分析器,https://terms.naer.edu.tw/
1964,potentiometric transducer,電位器式轉換器,电位器式传感器,https://terms.naer.edu.tw/
1965,potted seedling transplanter,缽苗栽植機,钵苗栽植机,https://terms.naer.edu.tw/
1966,pouring,傾鑄；澆鑄；澆注,浇注,https://terms.naer.edu.tw/
1967,powder,粉末；火藥,粉末,https://terms.naer.edu.tw/
1968,powder metal forging,粉末金屬鍛造,粉末锻造,https://terms.naer.edu.tw/
1969,powder metallurgy,粉末冶金,粉末冶金,https://terms.naer.edu.tw/
1970,powder rolling,粉末軋型,粉末轧制,https://terms.naer.edu.tw/
1971,power boiler,功率鍋爐,电站锅炉,https://terms.naer.edu.tw/
1972,Power conditioner,電源調節器,功率调节器,https://terms.naer.edu.tw/
1973,Power conditioning,功率調節,功率调节,https://terms.naer.edu.tw/
1974,power generation steam turbine,發電用汽輪機,发电用汽轮机,https://terms.naer.edu.tw/
1975,power pump,動力泵,机动泵,https://terms.naer.edu.tw/
1976,power spinning,電力紡,变薄旋压,https://terms.naer.edu.tw/
1977,power unit,電源車,电源车,https://terms.naer.edu.tw/
1978,power-assisted hydraulic braking,動力輔助液壓煞車,液压制动,https://terms.naer.edu.tw/
1979,"power-take-off clutch, PTO clutch",動力分導離合器,动力输出离合器,https://terms.naer.edu.tw/
1980,pre-shaving hob,剃前滾刀,剃前滚刀,https://terms.naer.edu.tw/
1981,precipitated powder,沉澱粉末,沉淀粉,https://terms.naer.edu.tw/
1982,precision micrometer inspection instrument,精密測微檢定儀,精密测微检定仪,https://terms.naer.edu.tw/
1983,precoated sand,覆膜砂,覆膜砂,https://terms.naer.edu.tw/
1984,presintering,預燒,预烧,https://terms.naer.edu.tw/
1985,press,壓機；壓床；印刷機；印刷所,压力机,https://terms.naer.edu.tw/
1986,pressing,壓形；壓濾；壓平；模壓； 壓製；壓迫法；推壓針鬚收針；壓燙；壓縮,冲压,https://terms.naer.edu.tw/
1987,pressure control valve,壓力控制閥,压力控制阀,https://terms.naer.edu.tw/
1988,pressure gauge,壓力計；壓力表,压力计,https://terms.naer.edu.tw/
1989,pressure reducing valve,減壓閥,减压阀,https://terms.naer.edu.tw/
1990,pressure relief valve,洩壓閥；釋壓瓣；釋壓閥,溢流阀,https://terms.naer.edu.tw/
1991,pressure transducer,壓力換能器,压力传感器,https://terms.naer.edu.tw/
1992,pressure welding,壓焊,压焊,https://terms.naer.edu.tw/
1993,pressure-filled thermometer,充壓式溫度計,压力式温度计,https://terms.naer.edu.tw/
1994,pressurized boiler,增壓鍋爐；加壓鍋爐,微正压锅炉,https://terms.naer.edu.tw/
1995,primary force standard machine,原級力標準機,力基准机,https://terms.naer.edu.tw/
1996,primary standard torquer,原級標準扭力機,扭矩基准机,https://terms.naer.edu.tw/
1997,primary tillage equipment,初耕機[農]具,耕地机械,https://terms.naer.edu.tw/
1998,principal axis of inertia,慣性主軸線,惯性主轴,https://terms.naer.edu.tw/
1999,priority valve,優先活門,顺序阀,https://terms.naer.edu.tw/
2000,prison van,囚車,囚车,https://terms.naer.edu.tw/
2001,Problem solving,問題求解；解決問題；問題解決；問題解決法；解決問題,问题求解,https://terms.naer.edu.tw/
2002,Process automation,程序自動化,过程自动化,https://terms.naer.edu.tw/
2003,Process control,程式控制；程序控制,生产过程控制,https://terms.naer.edu.tw/
2004,Process control,程式控制；程序控制,过程控制,https://terms.naer.edu.tw/
2005,process dimension,程序尺寸,工艺尺寸,https://terms.naer.edu.tw/
2006,process parameter,程序參數,工艺参数,https://terms.naer.edu.tw/
2007,process pump,流程泵,流程泵,https://terms.naer.edu.tw/
2008,process specification,加工規格；製程規格,工艺规范,https://terms.naer.edu.tw/
2009,product of inertia,慣性積,惯性积,https://terms.naer.edu.tw/
2010,production drawing,製造用圖,施工图,https://terms.naer.edu.tw/
2011,production line,生產線,生产线,https://terms.naer.edu.tw/
2012,Professional work management automatic system,專業工作管理自動化系統,业务管理自动化系统,https://terms.naer.edu.tw/
2013,profile control pump,輪廓控制泵,调剖泵,https://terms.naer.edu.tw/
2014,Program controlled robot,程式控制機器人,程控机器人,https://terms.naer.edu.tw/
2015,programmable controller,可程式控制器；可程式化控制器,可编程控制器,https://terms.naer.edu.tw/
2016,Programmable manipulator,可程式調處器；可程式機械臂,可编程操作器,https://terms.naer.edu.tw/
2017,progressive die,級進模具；連續模,级进模,https://terms.naer.edu.tw/
2018,projection,投影；射影；投射；放射；突起,投影,https://terms.naer.edu.tw/
2019,projection lens,聚光透鏡；投影透鏡；射影透鏡,投影镜,https://terms.naer.edu.tw/
2020,projection method,射影法,投影法,https://terms.naer.edu.tw/
2021,projection plane,投影平面,投影面,https://terms.naer.edu.tw/
2022,propeller fan,螺槳風扇,螺旋桨式通风机,https://terms.naer.edu.tw/
2023,Proportional control,比例控制,比例控制,https://terms.naer.edu.tw/
2024,proportional control valve,比例控制閥,比例控制阀,https://terms.naer.edu.tw/
2025,proportional controller,比例控制器。,比例控制器,https://terms.naer.edu.tw/
2026,proportional flow control valve,比例式流量閥,比例流量阀,https://terms.naer.edu.tw/
2027,proportional plus derivative controller,比例微分控制器,比例微分控制器,https://terms.naer.edu.tw/
2028,proportional plus integral controller,比例加積分控制器,比例积分控制器,https://terms.naer.edu.tw/
2029,proportional-derivative control,比例微分控制,比例导数控制,https://terms.naer.edu.tw/
2030,proportional-integral control,比例積分控制,比例积分控制,https://terms.naer.edu.tw/
2031,proportional-integral-derivative control; PID control,比例-積分-微分控制,比例积分微分控制,https://terms.naer.edu.tw/
2032,pry bar,撬棒,擀棒,https://terms.naer.edu.tw/
2033,psychrometric regulator,濕度調節器,温度调节器,https://terms.naer.edu.tw/
2034,puddle,金屬小池｛氣銲時所形成｝；攪煉；煉鐵；不漏水混泥土 ; 鑄鐵攪煉；泥漿；膠泥；泥坑,熔池,https://terms.naer.edu.tw/
2035,pulled rice seedling transplanter,拔取苗插秧機,拔取苗插秧机,https://terms.naer.edu.tw/
2036,pulley block,滑車組，滑輪組,滑车,https://terms.naer.edu.tw/
2037,pullman saloon,高級轎車,高级乘用车,https://terms.naer.edu.tw/
2038,pulp pump,渣泵,纸浆泵,https://terms.naer.edu.tw/
2039,pulse polarograph,脈衝極譜儀,脉冲极谱仪,https://terms.naer.edu.tw/
2040,Pulse system,脈波系統,脉冲系统,https://terms.naer.edu.tw/
2041,pulverized coal-fired boiler,燃煤粉鍋爐,煤粉锅炉,https://terms.naer.edu.tw/
2042,pump,泵,泵,https://terms.naer.edu.tw/
2043,pump for cleaning units,清洗機用泵,清洗机用泵,https://terms.naer.edu.tw/
2044,pump handling fluid separated by oil,油隔離泵,油隔离泵,https://terms.naer.edu.tw/
2045,pump head,泵揚程；泵水頭,泵扬程,https://terms.naer.edu.tw/
2046,pump truck,泵卡車,抽油泵运输车,https://terms.naer.edu.tw/
2047,pump-turbine,水泵水輪機,水泵水轮机,https://terms.naer.edu.tw/
2048,pumper,採油工,泵浦消防车,https://terms.naer.edu.tw/
2049,pumping,泵作用,泵浦,https://terms.naer.edu.tw/
2050,punch,衝床；衝孔機,冲头,https://terms.naer.edu.tw/
2051,punch,衝床；衝孔機,冲子,https://terms.naer.edu.tw/
2052,punching,打孔；擊打；衝孔：成球,冲孔,https://terms.naer.edu.tw/
2053,push broach,撐柱,推刀,https://terms.naer.edu.tw/
2054,push broaching,推削,推削,https://terms.naer.edu.tw/
2055,pusher furnace,推式爐,推杆式炉,https://terms.naer.edu.tw/
2056,pushing tractor,推頂車,推顶车,https://terms.naer.edu.tw/
2057,quadrant,象限；象限儀；扇形板,分角,https://terms.naer.edu.tw/
2058,quantitative image analysis microscope,計量影像分析顯微鏡,图像分析显微镜,https://terms.naer.edu.tw/
2059,quarter-twist belt drive,半交叉帶傳動,半交叉传动,https://terms.naer.edu.tw/
2060,quartz thermometer,石英溫度計,石英温度计,https://terms.naer.edu.tw/
2061,quenching press,加壓淬火機,淬火压床,https://terms.naer.edu.tw/
2062,quotient-meter,商值表,商值表,https://terms.naer.edu.tw/
2063,rack type gear shaper cutter,架型刨齒機,梳齿刀,https://terms.naer.edu.tw/
2064,radial drilling machine,旋臂鑽床,摇臂钻床,https://terms.naer.edu.tw/
2065,radial engine,星型發動機；星型引擎,径向发动机,https://terms.naer.edu.tw/
2066,radial flow steam turbine,徑流式汽輪機,辐流式汽轮机,https://terms.naer.edu.tw/
2067,radial forging,徑向鍛造；輻射鍛造,径向锻造,https://terms.naer.edu.tw/
2068,radial pump,徑向泵,径向泵,https://terms.naer.edu.tw/
2069,radial-axial flow turbine,混流式水輪機,混流式水轮机,https://terms.naer.edu.tw/
2070,radiance thermometry,輻射測溫學,亮度测温法,https://terms.naer.edu.tw/
2071,radiation dose transducer,輻射線劑量感測器,射线剂量传感器,https://terms.naer.edu.tw/
2072,radiation heatflowmeter,輻射熱流計,辐射热流计,https://terms.naer.edu.tw/
2073,radiation thermometer,輻射溫度計,辐射温度计,https://terms.naer.edu.tw/
2074,radiation thermometry,輻射測溫學,辐射测温法,https://terms.naer.edu.tw/
2075,radiation thermoscope,輻射感溫器,辐射感温器,https://terms.naer.edu.tw/
2076,radiation transducer,輻射轉換器,射线传感器,https://terms.naer.edu.tw/
2077,railway crane,鐵路起重機；軌道起重機,铁路起重机,https://terms.naer.edu.tw/
2078,ram type milling machine,瓣形銑床,滑枕式铣床,https://terms.naer.edu.tw/
2079,Raman-Nath diffraction,拉曼-奈斯繞射,拉曼-奈斯衍射,https://terms.naer.edu.tw/
2080,ramming,衝壓效應；鎚擊,紧实,https://terms.naer.edu.tw/
2081,random error,隨機誤差,随机误差,https://terms.naer.edu.tw/
2082,rapping,輕敲；起模；敲桿,敲模,https://terms.naer.edu.tw/
2083,rare gas recovery equipment,稀有氣體回收設備,稀有气体提取设备,https://terms.naer.edu.tw/
2084,ratchet,棘輪,棘轮,https://terms.naer.edu.tw/
2085,ratio controller,比率控制器,比值控制器,https://terms.naer.edu.tw/
2086,ratio meter,比率計；比例計,比率表,https://terms.naer.edu.tw/
2087,raw material,原料,原材料,https://terms.naer.edu.tw/
2088,reaction steam turbine,反動式汽輪機,反动式汽轮机,https://terms.naer.edu.tw/
2089,reaction turbine,反動式輪機,反击式水轮机,https://terms.naer.edu.tw/
2090,reactor,反應器；核子反應堆,导轮,https://terms.naer.edu.tw/
2091,Reading machine,閱讀機,阅读机,https://terms.naer.edu.tw/
2092,ready mixed dry mortar truck,預拌乾泥漿車；備妥混合乾泥漿卡車,干拌砂浆运输车,https://terms.naer.edu.tw/
2093,Real time control,即時控制,实时控制,https://terms.naer.edu.tw/
2094,reamer,絞刀,铰刀,https://terms.naer.edu.tw/
2095,reaming,絞孔,铰削,https://terms.naer.edu.tw/
2096,rear drive axle,後驅動橋,后驱动桥,https://terms.naer.edu.tw/
2097,rear view,後視圖,后视图,https://terms.naer.edu.tw/
2098,rear wheel drive tractor,後輪驅動式曳引機,后轮驱动拖拉机,https://terms.naer.edu.tw/
2099,Reasoning,推理，推論，理論，論據，理性的，推理的,推理,https://terms.naer.edu.tw/
2100,receiving ladle,爐前澆桶,座包,https://terms.naer.edu.tw/
2101,reciprocating compressor,往復式壓縮機,往复压缩机,https://terms.naer.edu.tw/
2102,reciprocating compressor without crankshaft,無曲軸往復式壓縮機,无曲轴压缩机,https://terms.naer.edu.tw/
2103,reciprocating internal combustion engine,往復式內燃機,往复式内燃机,https://terms.naer.edu.tw/
2104,reciprocating internal combustion engine,往復式內燃機,往复式内燃机,https://terms.naer.edu.tw/
2105,reciprocating pump,往復泵,往复泵,https://terms.naer.edu.tw/
2106,recirculation dryer(bin),再循環乾燥機,循环干燥机(仓),https://terms.naer.edu.tw/
2107,reconnaissance fire vehicle,偵察消防車,勘察消防车,https://terms.naer.edu.tw/
2108,recording device,記錄式裝置,记录装置,https://terms.naer.edu.tw/
2109,recording instrument,記錄儀器,记录仪器仪表,https://terms.naer.edu.tw/
2110,rectifier,整流器,纠正仪,https://terms.naer.edu.tw/
2111,rectifier instrument,整流式儀表,整流式仪表,https://terms.naer.edu.tw/
2112,reduced powder,還原粉,还原粉,https://terms.naer.edu.tw/
2113,reduced-bore valve,縮徑閥,缩口阀门,https://terms.naer.edu.tw/
2114,reduced-port valve,縮口閥,缩径阀门,https://terms.naer.edu.tw/
2115,reducing plane table equipment,換算平板儀；歸算平板儀,归算平板仪,https://terms.naer.edu.tw/
2116,"reducing valve, pressure reducing valve",減壓閥,减压阀,https://terms.naer.edu.tw/
2117,Redundant control system,餘裕控制系統,余度控制系统,https://terms.naer.edu.tw/
2118,reference standard,參考標準,参考标准器,https://terms.naer.edu.tw/
2119,refine twisting machine,精揉機,精揉机,https://terms.naer.edu.tw/
2120,reflective projection,反射投影,镜象投影,https://terms.naer.edu.tw/
2121,refrigerant,冷媒；冷凍劑,制冷剂,https://terms.naer.edu.tw/
2122,refrigerant compressor,冷媒壓縮機,制冷压缩机,https://terms.naer.edu.tw/
2123,refrigerated display cabinet,冷藏陳列櫃,冷藏陈列柜,https://terms.naer.edu.tw/
2124,refrigerated van,冷藏車,冷藏车,https://terms.naer.edu.tw/
2125,refrigerating apparatus,冷凍設備,制冷设备,https://terms.naer.edu.tw/
2126,refrigerating machine,冷凍機,制冷机,https://terms.naer.edu.tw/
2127,refrigerating system,冷凍系統,制冷系统,https://terms.naer.edu.tw/
2128,refrigerator,冷凍機，冰箱,冰箱,https://terms.naer.edu.tw/
2129,refueler,加油艇，加油器,加油车,https://terms.naer.edu.tw/
2130,regenerative blower,再生鼓風機,旋涡鼓风机,https://terms.naer.edu.tw/
2131,regenerative pump,再生泵,旋涡泵,https://terms.naer.edu.tw/
2132,regenerative steam turbine,再生蒸汽渦輪機,回热式汽轮机,https://terms.naer.edu.tw/
2133,regulated-extraction steam turbine,調節抽汽式汽輪機,调节抽汽式汽轮机,https://terms.naer.edu.tw/
2134,Regulator,調整器,调节器,https://terms.naer.edu.tw/
2135,reheat steam turbine,再熱式蒸汽渦輪機,再热式汽轮机,https://terms.naer.edu.tw/
2136,reinforcing bar bending machine,補強桿彎曲機,钢筋弯曲机,https://terms.naer.edu.tw/
2137,reinforcing bar cutting machine,補強桿切斷機,钢筋切断机,https://terms.naer.edu.tw/
2138,relative error,相對誤差,相对误差,https://terms.naer.edu.tw/
2139,relative measurement,比較測定,相对测量,https://terms.naer.edu.tw/
2140,reliability,可靠度；可靠性,可靠性,https://terms.naer.edu.tw/
2141,relief valve,排氣閥,安全阀,https://terms.naer.edu.tw/
2142,relieving,鏟削　,铲削,https://terms.naer.edu.tw/
2143,relieving lathe,剷齒車床,铲齿车床,https://terms.naer.edu.tw/
2144,reluctive transducer,磁阻式傳感器,磁阻式传感器,https://terms.naer.edu.tw/
2145,Remote manipulator system,遠距操作機系統,遥控机械手,https://terms.naer.edu.tw/
2146,remote sensing instrument,遙測儀器,遥感仪器,https://terms.naer.edu.tw/
2147,remote sensor,遙感器；遙測器；遠距感測器；遙感測器,遥感器,https://terms.naer.edu.tw/
2148,repair welding,補焊,补焊,https://terms.naer.edu.tw/
2149,repeatability error,重複性誤差；重複誤差,重复性误差,https://terms.naer.edu.tw/
2150,repeatability of measurement,量測重複性,测量重复性,https://terms.naer.edu.tw/
2151,repeated twisting machine,複揉機,中揉机,https://terms.naer.edu.tw/
2152,repetition theodolite,複測經緯儀,复测经纬仪,https://terms.naer.edu.tw/
2153,reproducibility error,再現性誤差,再现性误差,https://terms.naer.edu.tw/
2154,reproducibility of measurement,量測再現性,测量再现性,https://terms.naer.edu.tw/
2155,residential lift,住宅電梯,住宅电梯,https://terms.naer.edu.tw/
2156,residual stress,殘留應力,残余应力,https://terms.naer.edu.tw/
2157,resistance box,電阻箱,电阻箱,https://terms.naer.edu.tw/
2158,resistance thermometer,電阻溫度計,电阻温度计,https://terms.naer.edu.tw/
2159,resistance thermometry,電阻溫度量測術,电阻测温法,https://terms.naer.edu.tw/
2160,resistance welding machine,電阻焊機,电阻焊机,https://terms.naer.edu.tw/
2161,resistive transducer,電阻式轉換器；電阻換能器,电阻式传感器,https://terms.naer.edu.tw/
2162,resolution,解析度,分辨力,https://terms.naer.edu.tw/
2163,resonance test,諧振試驗,共振试验,https://terms.naer.edu.tw/
2164,resonator sensor,諧振式感測器；共振器感測器,谐振式传感器,https://terms.naer.edu.tw/
2165,retarder,減速器,缓速器,https://terms.naer.edu.tw/
2166,return flow compressor,逆流式壓縮機,逆流式压缩机,https://terms.naer.edu.tw/
2167,return voyage,回程,回程,https://terms.naer.edu.tw/
2168,reverberating furnace,反射爐,反射炉,https://terms.naer.edu.tw/
2169,reversal chamber,回燃室,回燃室,https://terms.naer.edu.tw/
2170,reversing valve,回動閥,换向阀,https://terms.naer.edu.tw/
2171,revolving joint,旋轉接頭,转动副,https://terms.naer.edu.tw/
2172,revolving nosepiece,(顯微鏡)換鏡旋座；物鏡轉換盤；換鏡轉盤,物镜转换器,https://terms.naer.edu.tw/
2173,rice drill,水稻播種機,水稻直播机,https://terms.naer.edu.tw/
2174,rice milling machine,精米機,碾米机,https://terms.naer.edu.tw/
2175,rice seedling pulling machine,水稻拔秧機,水稻拔秧机,https://terms.naer.edu.tw/
2176,rice transplanter,挿秧機,水稻插秧机,https://terms.naer.edu.tw/
2177,riddle,篩,筛砂机,https://terms.naer.edu.tw/
2178,ride comfort,乘車舒適感,平顺性,https://terms.naer.edu.tw/
2179,right view,右視，右視圖,右视图,https://terms.naer.edu.tw/
2180,rigid link,剛性連桿,刚性构件,https://terms.naer.edu.tw/
2181,rigid shock,剛性衝擊,刚性冲击,https://terms.naer.edu.tw/
2182,rim-generator tubular turbine,全貫流式水輪機,全贯流式水轮机,https://terms.naer.edu.tw/
2183,ring gage,環規,环规,https://terms.naer.edu.tw/
2184,ring rolling machine,環形輥軋機,扩孔机,https://terms.naer.edu.tw/
2185,ring-form corrosion,環形腐蝕,环形腐蚀,https://terms.naer.edu.tw/
2186,ring-shaped fan,環形風扇,环形通风机,https://terms.naer.edu.tw/
2187,ripple,波紋,焊波,https://terms.naer.edu.tw/
2188,rise travel,上升行程,推程,https://terms.naer.edu.tw/
2189,riser,冒口；升流管,冒口,https://terms.naer.edu.tw/
2190,rivet,鉚釘,铆钉,https://terms.naer.edu.tw/
2191,road lineation vehicle,道路劃線車,道路划线车,https://terms.naer.edu.tw/
2192,road milling machine,路面銑刨機,路面铣刨机,https://terms.naer.edu.tw/
2193,Robot,機器人；自動機,机器人,https://terms.naer.edu.tw/
2194,Robot application,機器人應用,机器人应用,https://terms.naer.edu.tw/
2195,Robot vision,機器人視覺,机器人视觉,https://terms.naer.edu.tw/
2196,Robotics,機器人科學；機器人學,机器人学,https://terms.naer.edu.tw/
2197,rock drill,鑿岩機,凿岩机,https://terms.naer.edu.tw/
2198,rock-drilling robot,鑽岩機器人,凿岩机器人,https://terms.naer.edu.tw/
2199,rocker,搖桿；搖動機件,摇杆,https://terms.naer.edu.tw/
2200,rocking of green machine,搖青機,摇青机,https://terms.naer.edu.tw/
2201,roll forging,軋機鍛造,辊锻,https://terms.naer.edu.tw/
2202,roll wheel line move sprinkling machine,滾移式噴灑機,滚移式喷灌机,https://terms.naer.edu.tw/
2203,roller,滾子；輥子；壓路機,压路机,https://terms.naer.edu.tw/
2204,roller,滾子；輥子；壓路機,轧辊,https://terms.naer.edu.tw/
2205,roller chain,滾子鏈,滚子链,https://terms.naer.edu.tw/
2206,roller conveyor,滾輪運送機,辊子输送机,https://terms.naer.edu.tw/
2207,rolling,滾轉；滾動；滾製,滚动,https://terms.naer.edu.tw/
2208,rolling mill,輥軋廠；輥軋機,轧机,https://terms.naer.edu.tw/
2209,rolling-piston compressor,滾動活塞式壓縮機,滚动活塞式压缩机,https://terms.naer.edu.tw/
2210,root face,根面,钝边,https://terms.naer.edu.tw/
2211,ropeway,索道,索道,https://terms.naer.edu.tw/
2212,rotary compressor,旋轉式壓縮機,回转式压缩机,https://terms.naer.edu.tw/
2213,rotary dryer,迴轉式乾燥機,转筒干燥机,https://terms.naer.edu.tw/
2214,rotary forging,迴轉鍛造,摆动辗压,https://terms.naer.edu.tw/
2215,rotary forging press,旋轉壓鍛機,摆辗机,https://terms.naer.edu.tw/
2216,rotary hearth furnace,轉膛爐　,转底炉,https://terms.naer.edu.tw/
2217,rotary metal working,金屬迴轉加工,金属回转加工,https://terms.naer.edu.tw/
2218,rotary piston engine,萬克發動機,旋转活塞式发动机,https://terms.naer.edu.tw/
2219,rotary pump,旋轉泵,回转泵,https://terms.naer.edu.tw/
2220,rotodynamic pump,轉子動力泵,回转动力式泵,https://terms.naer.edu.tw/
2221,round belt,圓皮帶,圆带,https://terms.naer.edu.tw/
2222,round belt drive,圓皮帶驅動,圆带传动,https://terms.naer.edu.tw/
2223,row crop tractor,行栽作物曳引機,中耕拖拉机,https://terms.naer.edu.tw/
2224,RR forging,RR鍛造；RR鍛件,RR锻造,https://terms.naer.edu.tw/
2225,rubber die,橡膠模,橡胶冲模,https://terms.naer.edu.tw/
2226,run-out,鑄漏,型漏,https://terms.naer.edu.tw/
2227,run-out,鑄漏,跑火,https://terms.naer.edu.tw/
2228,running gear,操作機構，工作機構，傳動機構，運轉機構，運轉齒運,行走系,https://terms.naer.edu.tw/
2229,running gears of wheeled tractor,輪式曳引機之運轉齒輪系,轮式行走系,https://terms.naer.edu.tw/
2230,running-in,試車，試運轉，跑合，配研，試轉,磨合,https://terms.naer.edu.tw/
2231,runoff weld tab,熔接引出片,引出板,https://terms.naer.edu.tw/
2232,runout tolerance,偏轉公差,跳动公差,https://terms.naer.edu.tw/
2233,safety valve,安全閥,安全阀,https://terms.naer.edu.tw/
2234,saloon，sedan,saloon 車廂；大餐廳；客廳,普通乘用车,https://terms.naer.edu.tw/
2235,sampling control,取樣控制；抽樣控制,采样控制,https://terms.naer.edu.tw/
2236,Sampling control system,採樣控制系統,取样控制系统,https://terms.naer.edu.tw/
2237,sampling controller,抽樣控制器,采样控制器,https://terms.naer.edu.tw/
2238,sand blasting,噴砂,喷砂,https://terms.naer.edu.tw/
2239,sand blasting,噴砂,喷砂清理,https://terms.naer.edu.tw/
2240,sand mixer,混砂機,混砂机,https://terms.naer.edu.tw/
2241,sand mixing,配砂。,混砂,https://terms.naer.edu.tw/
2242,sand mixing truck,混砂車,混砂车,https://terms.naer.edu.tw/
2243,sand mold,砂模,砂型,https://terms.naer.edu.tw/
2244,sand muller,混砂機；鍊砂機；練砂機,混砂机,https://terms.naer.edu.tw/
2245,sand pump,砂泵,砂泵,https://terms.naer.edu.tw/
2246,sand slinger,拋砂機；甩砂製模機,抛砂机,https://terms.naer.edu.tw/
2247,sand-casting,砂型鑄造,砂型铸造,https://terms.naer.edu.tw/
2248,sand-filling,填砂,填砂,https://terms.naer.edu.tw/
2249,sandwich pair,平面〔運動〕對,平面副,https://terms.naer.edu.tw/
2250,saturated steam turbine,飽和汽輪機,饱和蒸汽汽轮机,https://terms.naer.edu.tw/
2251,sawing,鋸切；鋸蝕；鋸斷法；製材,锯削,https://terms.naer.edu.tw/
2252,sawing machine,鋸機,锯床,https://terms.naer.edu.tw/
2253,scale,比例尺；刻度尺；秤；水垢；銹皮；鱗皮,标尺,https://terms.naer.edu.tw/
2254,scale range,示值範圍，刻度範圍,标度范围,https://terms.naer.edu.tw/
2255,schematic diagram,示意圖,原理图,https://terms.naer.edu.tw/
2256,scoring,計分，記分，總譜法，壓折機，冰擦作用，刮傷，冰擦作用，擦蝕作用,划伤,https://terms.naer.edu.tw/
2257,scraper,刮削器；刮刀；刮土機,铲运机,https://terms.naer.edu.tw/
2258,scraper,刮削器；刮刀；刮土機,刮刀,https://terms.naer.edu.tw/
2259,scraping,刮削,刮削,https://terms.naer.edu.tw/
2260,scratching,畫痕,擦伤,https://terms.naer.edu.tw/
2261,screed,括板,路面整型器,https://terms.naer.edu.tw/
2262,screw,螺旋；螺釘；螺絲；螺桿,螺杆,https://terms.naer.edu.tw/
2263,screw compressor,螺旋壓縮機；螺旋式壓縮機,螺杆压缩机,https://terms.naer.edu.tw/
2264,screw conveyor,螺旋運送機,螺旋输送机,https://terms.naer.edu.tw/
2265,screw drive,螺旋傳動,螺旋传动,https://terms.naer.edu.tw/
2266,screw mechanism,螺旋機構,螺旋机构,https://terms.naer.edu.tw/
2267,screw pair,螺旋〔運動〕對,螺旋副,https://terms.naer.edu.tw/
2268,screw pump,螺旋泵,螺杆泵,https://terms.naer.edu.tw/
2269,screw pump,螺旋泵,螺杆泵,https://terms.naer.edu.tw/
2270,screw-driver,螺絲起子；螺絲鑽,螺丝刀,https://terms.naer.edu.tw/
2271,scriber,畫線具；畫線針；畫線針盤,划针,https://terms.naer.edu.tw/
2272,scribing compass,劃線規,划规,https://terms.naer.edu.tw/
2273,scroll,捲；翻捲；捲動；渦捲；內側沙洲；卷軸；卷狀物；渦[形]管；新月形氾濫扇；內側沙洲；渦輪；渦形板；螺旋輸送器,丝盘,https://terms.naer.edu.tw/
2274,scroll compressor,渦捲式壓縮機,涡旋式压缩机,https://terms.naer.edu.tw/
2275,scrubber,洗滌器；洗氣器,洗涤器,https://terms.naer.edu.tw/
2276,scuffing,括損；［氣缸］拖磨,划伤,https://terms.naer.edu.tw/
2277,seam welding,縫焊接,缝焊,https://terms.naer.edu.tw/
2278,season cracking,季裂,季裂,https://terms.naer.edu.tw/
2279,secondary braking system,二次制動系統,应急制动系,https://terms.naer.edu.tw/
2280,secondary tillage equipment,整地設備,整地机械,https://terms.naer.edu.tw/
2281,section,剖面；截面,剖面图,https://terms.naer.edu.tw/
2282,section view,剖視圖,剖视图,https://terms.naer.edu.tw/
2283,sectional mandrel,區段心軸,分段模,https://terms.naer.edu.tw/
2284,Seebeck effect,席比克效應,塞贝克效应,https://terms.naer.edu.tw/
2285,seed dresser,清種機,拌种机,https://terms.naer.edu.tw/
2286,seed drill,播種行列,播种机,https://terms.naer.edu.tw/
2287,seed polisher,種子拋光機,种子抛光机,https://terms.naer.edu.tw/
2288,seed processing combination unit,種子加工機組,种子加工机组,https://terms.naer.edu.tw/
2289,segmental mandrel,分瓣模,分瓣模,https://terms.naer.edu.tw/
2290,seizure,熔執,咬死,https://terms.naer.edu.tw/
2291,selective corrosion,選擇腐蝕,选择性腐蚀,https://terms.naer.edu.tw/
2292,Self adjusting system,自我調節系統,自调整系统,https://terms.naer.edu.tw/
2293,self alignment,自動校準,自动校准,https://terms.naer.edu.tw/
2294,Self learning system,自學習系統,自学习系统,https://terms.naer.edu.tw/
2295,self locking,自鎖,自锁,https://terms.naer.edu.tw/
2296,self regulation,自我調節,自调节,https://terms.naer.edu.tw/
2297,self-hardening sand,自硬砂,自硬砂,https://terms.naer.edu.tw/
2298,self-loading garbage truck,自裝卸式垃圾車,自装卸式垃圾车,https://terms.naer.edu.tw/
2299,self-operated controller,自動控制器,自力式控制器,https://terms.naer.edu.tw/
2300,Self-organizing system,自組織系統,自组织系统,https://terms.naer.edu.tw/
2301,Self-pinch,自束,自箍缩,https://terms.naer.edu.tw/
2302,self-priming pump,自吸式泵,自吸泵,https://terms.naer.edu.tw/
2303,self-propelled tea picking machine,自走式採茶機,自走式采茶机,https://terms.naer.edu.tw/
2304,self-reducing tacheometer,自化測距儀,自动归算快速测距仪,https://terms.naer.edu.tw/
2305,Semi-automatic manipulator,半自動操縱,半自动操作器,https://terms.naer.edu.tw/
2306,semi-centrifugal casting,半離心鑄造,半离心铸造,https://terms.naer.edu.tw/
2307,semi-crawler tractor,半履帶拖拉機,半履带拖拉机,https://terms.naer.edu.tw/
2308,semi-Kaplan turbine,半軸流式水輪機,轴流调桨式水轮机,https://terms.naer.edu.tw/
2309,semi-trailer,半搭拖車,半挂车,https://terms.naer.edu.tw/
2310,semi-trailer towing vehicle,半搭拖車,半挂牵引车,https://terms.naer.edu.tw/
2311,semi-transparent mirror,半透明鏡；半透鏡,半透射镜,https://terms.naer.edu.tw/
2312,sensitivity,靈敏度；敏感度,灵敏度,https://terms.naer.edu.tw/
2313,sensor,感測器,传感器,https://terms.naer.edu.tw/
2314,Sensory controlled robot,感覺控制機器人,感觉控制机器人,https://terms.naer.edu.tw/
2315,sequence valve,順序閥,顺序阀,https://terms.naer.edu.tw/
2316,Sequential machine,順序機,序列机,https://terms.naer.edu.tw/
2317,Sequential pattern recognition,順序型樣識別；逐次圖形識別,顺序模式识别,https://terms.naer.edu.tw/
2318,service braking system,行車制動系統,行车制动系,https://terms.naer.edu.tw/
2319,service braking system,行車制動系統,行车制动系,https://terms.naer.edu.tw/
2320,servo transducer,伺服換能器,伺服式传感器,https://terms.naer.edu.tw/
2321,servo valve,伺服閥,伺服阀,https://terms.naer.edu.tw/
2322,servo-system,伺服系統,伺服系统,https://terms.naer.edu.tw/
2323,setup,設置；建立；整備；裝置；裝配；配置；觀測布置；安裝,安装,https://terms.naer.edu.tw/
2324,severe wear,嚴重磨損,严重磨损,https://terms.naer.edu.tw/
2325,sewage pump,污水泵,污水泵,https://terms.naer.edu.tw/
2326,shaft,軸；升降井；礦井；爐頸,轴,https://terms.naer.edu.tw/
2327,shaft piston compressor,軸活塞壓縮機,轴活塞压缩机,https://terms.naer.edu.tw/
2328,shaft-extension type tubular turbine,軸伸貫流式水輪機,轴伸贯流式水轮机,https://terms.naer.edu.tw/
2329,shake-out,振動清砂,落砂,https://terms.naer.edu.tw/
2330,shaking ladle,搖動盛桶；搖斗爐,摇包,https://terms.naer.edu.tw/
2331,shank,柄,刀柄,https://terms.naer.edu.tw/
2332,shape cutting,形狀切割,仿形切割,https://terms.naer.edu.tw/
2333,Shape recognition,形狀識別,形状识别,https://terms.naer.edu.tw/
2334,shaper cutter,齒刀,插齿刀,https://terms.naer.edu.tw/
2335,shaping machine,牛頭刨床；成形機,牛头刨床,https://terms.naer.edu.tw/
2336,shear,剪力；剪切；切變；剪斷力；剪切機；切力；剪力應變；剪裂面；風切；剪裂；剪床；抗切力；割絨圈；修剪,剪切机,https://terms.naer.edu.tw/
2337,sheet,片；張；［1/8吋以下］薄板；圖表；帆；帆腳索；床單；寬幅針布；薄片；平面束；板狀岩體；岩席；礦層,板料,https://terms.naer.edu.tw/
2338,sheet metal,板金；金屬片；金屬板；金屬薄板,板料,https://terms.naer.edu.tw/
2339,shell,砲彈；殼；鍋身；船殼；滑車外殼,锅壳,https://terms.naer.edu.tw/
2340,shell boiler,筒形鍋爐,锅壳锅炉,https://terms.naer.edu.tw/
2341,shell mold casting,殼模鑄造,壳型铸造,https://terms.naer.edu.tw/
2342,shell molding machine,殼模鑄造機,壳型机,https://terms.naer.edu.tw/
2343,shielded metal arc welding,遮護金屬電孤銲［接］,焊条电弧焊,https://terms.naer.edu.tw/
2344,shift,換擋；移位,错型,https://terms.naer.edu.tw/
2345,ship loader,船裝載機；裝船機,装船机,https://terms.naer.edu.tw/
2346,ship-type tractor,船式拖拉機,船式拖拉机,https://terms.naer.edu.tw/
2347,shock bottom furnace,震動底爐,振底炉,https://terms.naer.edu.tw/
2348,shock test,抗震試驗；陡震試驗,冲击试验,https://terms.naer.edu.tw/
2349,shock testing machine,衝擊試驗機,冲击台,https://terms.naer.edu.tw/
2350,shock transducer,衝擊換能器,冲击传感器,https://terms.naer.edu.tw/
2351,shock wave,震波；陡震波,冲击波,https://terms.naer.edu.tw/
2352,shoe brake,塊式煞車；塊式制動,蹄式制动器,https://terms.naer.edu.tw/
2353,shop-assembled boiler,組裝鍋爐,组装锅炉,https://terms.naer.edu.tw/
2354,short-hole drill,淺孔鑽　,浅孔钻,https://terms.naer.edu.tw/
2355,shot blast machine,珠粒噴擊清理機器,抛丸清理机,https://terms.naer.edu.tw/
2356,shot blasting,珠擊法,喷丸,https://terms.naer.edu.tw/
2357,shot blasting,珠擊法,抛丸清理,https://terms.naer.edu.tw/
2358,shrinkage,收縮；收縮量,缩孔,https://terms.naer.edu.tw/
2359,side bow roller chain,側弓滾子鏈,侧弯链,https://terms.naer.edu.tw/
2360,side-valve engine,側閥發動機,侧置气门发动机,https://terms.naer.edu.tw/
2361,simple pendulum,單擺,单摆,https://terms.naer.edu.tw/
2362,single clutch,單離合器,单离合器,https://terms.naer.edu.tw/
2363,single disk clutch,單片式離合器,单盘离合器,https://terms.naer.edu.tw/
2364,single position hob,定裝滾刀,定装滚刀,https://terms.naer.edu.tw/
2365,single-acting engine,單動引擎,单作用发动机,https://terms.naer.edu.tw/
2366,single-screw compressor,單螺桿壓縮機,单螺杆压缩机,https://terms.naer.edu.tw/
2367,single-speed floating controller,單速浮動控制器,单速无定位控制器,https://terms.naer.edu.tw/
2368,sintered iron,燒結鐵,烧结铁,https://terms.naer.edu.tw/
2369,sintered steel,燒結鋼,烧结钢,https://terms.naer.edu.tw/
2370,sintering,燒結,烧结,https://terms.naer.edu.tw/
2371,sintering atmosphere,燒結氣氛,烧结气氛,https://terms.naer.edu.tw/
2372,size tolerance,尺寸公差,尺寸公差,https://terms.naer.edu.tw/
2373,sizing,定大小；分粒；尺度矯正；大小分級,整形,https://terms.naer.edu.tw/
2374,sizing die,修準模,整形模,https://terms.naer.edu.tw/
2375,sketch,草圖,草图,https://terms.naer.edu.tw/
2376,skip sequence,間越順序,跳焊,https://terms.naer.edu.tw/
2377,slag,熔渣,熔渣,https://terms.naer.edu.tw/
2378,slag-slurry pump,渣漿泵,渣浆泵,https://terms.naer.edu.tw/
2379,slat conveyor,板條運送機,板式输送机,https://terms.naer.edu.tw/
2380,sleeper coach,臥鋪客車,卧铺客车,https://terms.naer.edu.tw/
2381,sleeve joint,套筒接合,套管接头,https://terms.naer.edu.tw/
2382,slide valve,滑閥,闸阀,https://terms.naer.edu.tw/
2383,slider,滑件,滑块,https://terms.naer.edu.tw/
2384,slider-crank mechanism,滑件曲柄機構,曲柄滑块机构,https://terms.naer.edu.tw/
2385,slideway grinding machine,導軌研磨機,导轨磨床,https://terms.naer.edu.tw/
2386,sliding,滑動,滑动,https://terms.naer.edu.tw/
2387,sliding-vane compressor,滑片壓縮機,滑片式压缩机,https://terms.naer.edu.tw/
2388,slotting,插削；開槽,插削,https://terms.naer.edu.tw/
2389,slotting machine,插床；豎刨床,插床,https://terms.naer.edu.tw/
2390,sludge tipper,淤泥傾卸裝置,污泥自卸车,https://terms.naer.edu.tw/
2391,slush casting,瀝鑄法,凝壳铸造,https://terms.naer.edu.tw/
2392,small tractor,小型拖拉機,小型拖拉机,https://terms.naer.edu.tw/
2393,small-size boiler,小型鍋爐,小型锅炉,https://terms.naer.edu.tw/
2394,smearing,塗抹,涂抹,https://terms.naer.edu.tw/
2395,smith forging furnace,手鍛爐　,手锻炉,https://terms.naer.edu.tw/
2396,smoke box,煙箱,烟箱,https://terms.naer.edu.tw/
2397,smoke evacuation fire vehicle,排煙消防車,排烟消防车,https://terms.naer.edu.tw/
2398,smoke tube,煙管,烟管,https://terms.naer.edu.tw/
2399,smoke-ventilating fan,排煙通風機,排烟通风机,https://terms.naer.edu.tw/
2400,snow blower,除雪車,除雪车,https://terms.naer.edu.tw/
2401,snow remover,除雪車,除雪机,https://terms.naer.edu.tw/
2402,soap-film method,皂膜法,皂膜法,https://terms.naer.edu.tw/
2403,soft shock,軟衝擊,柔性冲击,https://terms.naer.edu.tw/
2404,soil corrosion,土壤腐蝕,土壤腐蚀,https://terms.naer.edu.tw/
2405,soil-bearing rice seedling transplanter,帶土苗插秧機,带土苗插秧机,https://terms.naer.edu.tw/
2406,soil-stabilizing machinery,穩定土攪拌機械,稳定土搅拌机械,https://terms.naer.edu.tw/
2407,solar dryer,太陽能乾燥器,太阳能干燥机,https://terms.naer.edu.tw/
2408,solar power vehicle,太陽能汽車,太阳能汽车,https://terms.naer.edu.tw/
2409,soldering,軟銲；錫銲；烙銲；銲接的；焊接；鑯焊；焊柱,钎焊,https://terms.naer.edu.tw/
2410,soldering flux,助焊劑；焊液；焊料；軟焊劑,钎剂,https://terms.naer.edu.tw/
2411,solenoid operated directional valve,螺線管操作方向閥，電磁操作方向閥,电磁换向阀,https://terms.naer.edu.tw/
2412,solenoid valve,電磁閥,电磁阀,https://terms.naer.edu.tw/
2413,solid die,實心螺模,整体式模,https://terms.naer.edu.tw/
2414,solid fuel-fired boiler,固體燃料鍋爐,固体燃料锅炉,https://terms.naer.edu.tw/
2415,sound pressure transducer,聲壓傳感器,声压传感器,https://terms.naer.edu.tw/
2416,spalling,崩蝕；剝落,剥落,https://terms.naer.edu.tw/
2417,span,跨距；翼展,量程,https://terms.naer.edu.tw/
2418,span error,跨距誤差；翼展誤差,量程误差,https://terms.naer.edu.tw/
2419,spanner,自旋標題；扳手；螺施扳,扳手,https://terms.naer.edu.tw/
2420,spark ignition engine,火星點燃引擎；火花點火引擎,点燃式发动机,https://terms.naer.edu.tw/
2421,spark ignition engine with fuel injection,燃料噴射點燃式發動機,燃料喷射点燃式发动机,https://terms.naer.edu.tw/
2422,spark ignition gas engine,點燃式燃氣發動機,点燃式燃气发动机,https://terms.naer.edu.tw/
2423,spark-resistant fan，ignition-proof fan,防火花風扇,防电火花通风机,https://terms.naer.edu.tw/
2424,spatial filter,空間濾波器,空间滤波器,https://terms.naer.edu.tw/
2425,spatial mechanism,空間機構,空间机构,https://terms.naer.edu.tw/
2426,spatter,焊濺物,飞溅,https://terms.naer.edu.tw/
2427,special bus,專用客車,专用客车,https://terms.naer.edu.tw/
2428,special casting process,特別鑄造法,特种铸造,https://terms.naer.edu.tw/
2429,special construction special purpose vehicle,特種結構專用作業汽車,特种结构专用作业汽车,https://terms.naer.edu.tw/
2430,special construction vehicle,特種結構汽車,特种结构汽车,https://terms.naer.edu.tw/
2431,special drawbar trailer,專用牽引桿掛車,专用牵引杆挂车,https://terms.naer.edu.tw/
2432,special fixture,特殊夾具；專用夾具,专用夹具,https://terms.naer.edu.tw/
2433,special goods box/stake truck,倉柵式專用運輸貨車,仓栅式专用运输汽车,https://terms.naer.edu.tw/
2434,special goods tipper,專用自卸作業汽車,专用自卸作业汽车,https://terms.naer.edu.tw/
2435,special helical spring,特殊螺旋彈簧,异形螺旋弹簧,https://terms.naer.edu.tw/
2436,special purpose box/stake truck,倉柵式專用運輸貨車,仓栅式专用作业汽车,https://terms.naer.edu.tw/
2437,special purpose crane/lift truck,特殊起重舉升貨車,起重举升专用作业汽车,https://terms.naer.edu.tw/
2438,special purpose die,特殊用途模具,专用模,https://terms.naer.edu.tw/
2439,special purpose fan,專用通風機,专用通风机,https://terms.naer.edu.tw/
2440,special purpose machine tool,專用機床,专用机床,https://terms.naer.edu.tw/
2441,special purpose passenger car,專用客車,专用乘用车,https://terms.naer.edu.tw/
2442,special purpose tanker,罐式專用作業汽車,罐式专用作业汽车,https://terms.naer.edu.tw/
2443,special purpose van,專用箱車,厢式专用作业汽车,https://terms.naer.edu.tw/
2444,special purpose vehicle,專用汽車,专用汽车,https://terms.naer.edu.tw/
2445,special semi-trailer,專用半掛車,专用半挂车,https://terms.naer.edu.tw/
2446,specialized goods crane/lift truck,起重舉升專用運輸貨車,起重举升专用运输汽车,https://terms.naer.edu.tw/
2447,specialized goods special construction vehicle,特種結構專用運輸汽車,特种结构专用运输汽车,https://terms.naer.edu.tw/
2448,specialized goods tanker,罐式專用運輸汽車,罐式专用运输汽车,https://terms.naer.edu.tw/
2449,specialized goods tipper,專用自卸運輸汽車,专用自卸运输汽车,https://terms.naer.edu.tw/
2450,specialized goods van,廂式專用運輸汽車,厢式专用运输汽车,https://terms.naer.edu.tw/
2451,specialized machine tool,特殊機床,专门化机床,https://terms.naer.edu.tw/
2452,spectrograph,攝譜儀；光譜儀,摄谱仪,https://terms.naer.edu.tw/
2453,spectrophotometer,分光光度計；光譜儀,分光光度计,https://terms.naer.edu.tw/
2454,spectroscope,分光鏡,看谱镜,https://terms.naer.edu.tw/
2455,spectrum analyzer,頻譜分析儀；析譜儀；光譜分析儀；波譜分析儀；光譜分析器；能譜分析器；頻譜分析器；析譜器,频谱分析仪,https://terms.naer.edu.tw/
2456,Speech recognition,話音辨識,语音识别,https://terms.naer.edu.tw/
2457,Speech recognition system,話音辨識系統,语音识别系统,https://terms.naer.edu.tw/
2458,speed changing,變速,变速,https://terms.naer.edu.tw/
2459,speed control valve,速度控制閥,调速阀,https://terms.naer.edu.tw/
2460,Speed feedback,速度反饋,速度反馈,https://terms.naer.edu.tw/
2461,speed regulator,調速器,调速器,https://terms.naer.edu.tw/
2462,sphere-pin pair,球銷對,球销副,https://terms.naer.edu.tw/
2463,sphere-trough pair,球槽對,球槽副,https://terms.naer.edu.tw/
2464,spherical mirror,球面鏡,球面镜,https://terms.naer.edu.tw/
2465,spherical pair,球面對,球面副,https://terms.naer.edu.tw/
2466,spheroidal graphite cast iron,球〔狀石〕黑鑄鐵,球墨铸铁,https://terms.naer.edu.tw/
2467,spherometer,球面量徑計,球径仪,https://terms.naer.edu.tw/
2468,spindle speed,心軸速率,主轴转速,https://terms.naer.edu.tw/
2469,spinning,旋轉；旋壓成形；精紡；暈眩,旋压,https://terms.naer.edu.tw/
2470,spinning machine,紡紗機，紡絲機， 繞線圈機。,旋压机,https://terms.naer.edu.tw/
2471,spinning roller,旋轉滾輪,旋轮,https://terms.naer.edu.tw/
2472,spirit level,酒精水平儀；氣泡水平儀,气泡式水准仪,https://terms.naer.edu.tw/
2473,spiroid,錐蝸桿,锥蜗杆,https://terms.naer.edu.tw/
2474,spiroid gear,錐蝸齒輪,锥蜗轮,https://terms.naer.edu.tw/
2475,spiroid gear pair,錐蝸齒輪對,锥蜗杆副,https://terms.naer.edu.tw/
2476,sponge powder,海綿粉,海绵粉,https://terms.naer.edu.tw/
2477,spool valve,線軸閥；短管閥,滑阀,https://terms.naer.edu.tw/
2478,"sport utility vehicle, SUV",運動型多用途車,运动型多功能汽车,https://terms.naer.edu.tw/
2479,spouted bed dryer,噴流層乾燥機,喷动式干燥机,https://terms.naer.edu.tw/
2480,Spray robot,噴塗機器人,喷涂机器人,https://terms.naer.edu.tw/
2481,sprayer,噴霧器；噴霧機；噴漆器,喷雾机,https://terms.naer.edu.tw/
2482,spreader stoker,播散加煤機,抛煤机,https://terms.naer.edu.tw/
2483,spring,彈簧；水源,弹簧,https://terms.naer.edu.tw/
2484,spring braking system,彈簧制動系統,弹簧制动系,https://terms.naer.edu.tw/
2485,spring power hammer,彈簧錘,弹簧锤,https://terms.naer.edu.tw/
2486,spring-loaded clutch,彈簧壓緊式離合器,弹簧压紧式离合器,https://terms.naer.edu.tw/
2487,sprinkling machine,噴水器,喷灌机,https://terms.naer.edu.tw/
2488,sprue cutter,澆帽口切斷機,开浇口机,https://terms.naer.edu.tw/
2489,sputtering,濺射,溅射,https://terms.naer.edu.tw/
2490,square wave polarograph,方波極譜儀,方波极谱仪,https://terms.naer.edu.tw/
2491,squeezing ramming,壓實,压实,https://terms.naer.edu.tw/
2492,Stability criterion,穩定性判則；穩性判據；穩定準則；穩定(性)評價,稳定性判据,https://terms.naer.edu.tw/
2493,Stability theory,穩定性理論,稳定性理论,https://terms.naer.edu.tw/
2494,stacker,堆集機；承接座,堆料机,https://terms.naer.edu.tw/
2495,stacking crane,堆疊起重機,堆垛起重机,https://terms.naer.edu.tw/
2496,stage vehicle,舞臺車,舞台车,https://terms.naer.edu.tw/
2497,stamping,衝壓成形；列印；衝鍛；打印；衝印；搗碎；戳記；印花；衝片；衝壓件；衝壓；加封；蓋印,冲压,https://terms.naer.edu.tw/
2498,stamping die,鍛模,冲模,https://terms.naer.edu.tw/
2499,standard dynamometer,標準測力計,标准测力仪,https://terms.naer.edu.tw/
2500,standard microphone,標準傳聲器；標準話筒；標準麥克風,标准传声器,https://terms.naer.edu.tw/
2501,standard resistor,標準電阻[器],标准电阻,https://terms.naer.edu.tw/
2502,standard self inductor,標準自感器,标准自感器,https://terms.naer.edu.tw/
2503,standard tolerance,標準公差,标准公差,https://terms.naer.edu.tw/
2504,standard tolerance unit,公差單位,公差单位,https://terms.naer.edu.tw/
2505,standard torquemeter,標準扭矩計,标准扭矩仪,https://terms.naer.edu.tw/
2506,standard torquer,標準扭矩機,扭矩标准机,https://terms.naer.edu.tw/
2507,static balance of rotor,轉子的靜態均衡；轉子的靜態平衡,转子的静平衡,https://terms.naer.edu.tw/
2508,static load,靜負載；靜態負載,静载荷,https://terms.naer.edu.tw/
2509,static measurement,靜態測定,静态测量,https://terms.naer.edu.tw/
2510,station wagon,旅行車,旅行车,https://terms.naer.edu.tw/
2511,stationary boiler,固定鍋爐,固定式锅炉,https://terms.naer.edu.tw/
2512,Statistical pattern recognition,統計型樣識別,统计模式识别,https://terms.naer.edu.tw/
2513,steam boiler,蒸汽鍋爐,蒸汽锅炉,https://terms.naer.edu.tw/
2514,steam pump,汽動泵,蒸汽泵,https://terms.naer.edu.tw/
2515,steam trap,留汽除水閘,疏水阀,https://terms.naer.edu.tw/
2516,steam turbine,蒸汽渦輪機,汽轮机,https://terms.naer.edu.tw/
2517,steam type tea blancher,茶葉蒸青機,蒸青机,https://terms.naer.edu.tw/
2518,steel bar cold drawing machine,鋼筋冷拉機,钢筋（丝）冷拔机,https://terms.naer.edu.tw/
2519,steel bar cold-drawing machine,鋼筋冷拉機,钢筋冷拉机,https://terms.naer.edu.tw/
2520,steel bar forming machine,鋼筋成型機,钢筋成型机,https://terms.naer.edu.tw/
2521,steel bar header,鋼筋鍛頭機,钢筋镦头机,https://terms.naer.edu.tw/
2522,steel bar rust cleaner,鋼筋除鏽機,钢筋除锈机,https://terms.naer.edu.tw/
2523,steel bar straightening machine,鋼筋矯直機,钢筋调直机,https://terms.naer.edu.tw/
2524,steel bar thread making machine,鋼棒螺紋成型機,钢筋螺纹成型机,https://terms.naer.edu.tw/
2525,steel plate die,鋼板模具,夹板模,https://terms.naer.edu.tw/
2526,steel reinforced-bar processing machinery,鋼筋加工機械,钢筋加工机械,https://terms.naer.edu.tw/
2527,steel strip die,鋼帶模,钢带模,https://terms.naer.edu.tw/
2528,steering axle beam,轉向軸樑,转向桥,https://terms.naer.edu.tw/
2529,steering clutch,轉向離合器,转向离合器,https://terms.naer.edu.tw/
2530,steering knuckle,轉向關結,转向节,https://terms.naer.edu.tw/
2531,steering system,轉向系統,转向系,https://terms.naer.edu.tw/
2532,steering wheel,方向盤，駕駛盤，轉向輪,转向盘,https://terms.naer.edu.tw/
2533,stem liquid-in-glass thermometer,桿式玻璃液體溫度計,棒式玻璃温度计,https://terms.naer.edu.tw/
2534,step,階級；階段；踏梯；分水階；級；踏板；步驟,工步,https://terms.naer.edu.tw/
2535,step transmission,步進傳動,有级变速,https://terms.naer.edu.tw/
2536,stereo microscope,立體顯微鏡,体视显微镜,https://terms.naer.edu.tw/
2537,stereometric camera,立體量測攝影機,立体量测摄影机,https://terms.naer.edu.tw/
2538,stereoplotter,立體測圖儀,立体测图仪,https://terms.naer.edu.tw/
2539,sterilizing vehicle,消毒車,消毒车,https://terms.naer.edu.tw/
2540,stirring plate dryer,擋板式乾燥機,挡板式干燥机,https://terms.naer.edu.tw/
2541,Stochastic control theory,隨機控制理論,随机控制理论,https://terms.naer.edu.tw/
2542,stoker-fired boiler,爐排鍋爐,层燃锅炉,https://terms.naer.edu.tw/
2543,stop,觸止；停止；止擋,挡块,https://terms.naer.edu.tw/
2544,stop valve,止閥；止水閥；阻塞閥；停止閥,截止阀,https://terms.naer.edu.tw/
2545,storage pump,蓄能泵,蓄能泵,https://terms.naer.edu.tw/
2546,straight sided axial worm,軸向直廓蝸桿；阿基米德圓柱蝸桿,阿基米德蜗杆,https://terms.naer.edu.tw/
2547,straight-through valve,直通式閥,直通式阀,https://terms.naer.edu.tw/
2548,straightening,矯直,矫直,https://terms.naer.edu.tw/
2549,strain gauge transducer,應變（計）式傳感器,应变[计]式传感器,https://terms.naer.edu.tw/
2550,strain hardening,應變硬化,加工硬化,https://terms.naer.edu.tw/
2551,strain measuring instrument,應變測量儀器,应变测量仪器,https://terms.naer.edu.tw/
2552,street sprinkler,灑水車,洒水车,https://terms.naer.edu.tw/
2553,stretch forming,拉伸成形,拉形,https://terms.naer.edu.tw/
2554,stretching machine,拉伸機,拉形机,https://terms.naer.edu.tw/
2555,strike-off,刮砂,刮砂,https://terms.naer.edu.tw/
2556,striking,對地攻擊，衝擊,引弧,https://terms.naer.edu.tw/
2557,strip,帶狀物；條；板條,带料,https://terms.naer.edu.tw/
2558,strip machine for famous tea,茗茶理條機,名茶理条机,https://terms.naer.edu.tw/
2559,stripping,拆卸；清除表面；起模脫色；剝除；收艙,起模,https://terms.naer.edu.tw/
2560,Structural pattern recognition,結構型樣辨識,结构模式识别,https://terms.naer.edu.tw/
2561,stud welding,嵌柱熔接；柱銲,螺柱焊,https://terms.naer.edu.tw/
2562,subcooler,低溫冷卻器,过冷器,https://terms.naer.edu.tw/
2563,subcritical pressure steam turbine,亞臨界壓力汽輪機,亚临界汽轮机,https://terms.naer.edu.tw/
2564,submerged arc welding,潛弧銲；潛熔銲,埋弧焊,https://terms.naer.edu.tw/
2565,submerged arc welding machine,潛孤銲機,埋弧焊机,https://terms.naer.edu.tw/
2566,submergible motor pump,沈水式電動泵,潜液电泵,https://terms.naer.edu.tw/
2567,substitution method of measurement,量測替代法,替代测量法,https://terms.naer.edu.tw/
2568,suction casting,減壓鑄造,真空吸铸,https://terms.naer.edu.tw/
2569,suction-type excrement tanker,吸糞車,吸粪车,https://terms.naer.edu.tw/
2570,suction-type sewer scavenger,吸汙車,吸污车,https://terms.naer.edu.tw/
2571,summation instrument,總和儀表,总和仪表,https://terms.naer.edu.tw/
2572,super-high-pressure boiler,超高壓鍋爐,超高压锅炉,https://terms.naer.edu.tw/
2573,super-high-pressure steam turbine,超高壓汽輪機,超高压汽轮机,https://terms.naer.edu.tw/
2574,supercharged boiler,增壓鍋爐,增压锅炉,https://terms.naer.edu.tw/
2575,supercharged engine,增壓引擎,增压发动机,https://terms.naer.edu.tw/
2576,supercritical pressure steam turbine,超臨界壓力汽輪機,超临界汽轮机,https://terms.naer.edu.tw/
2577,superfinishing,超級光製,超精加工,https://terms.naer.edu.tw/
2578,superheated steam dryer,過熱蒸汽乾燥機,过热蒸汽干燥机,https://terms.naer.edu.tw/
2579,superplastic forming,超塑性成形,超塑成形,https://terms.naer.edu.tw/
2580,superplasticity,超塑性,超塑性,https://terms.naer.edu.tw/
2581,superposed steam turbine,前置式汽輪機,前置式汽轮机,https://terms.naer.edu.tw/
2582,supersonic forming,超音速成形,超声成形,https://terms.naer.edu.tw/
2583,supply apparatus,供給儀器；電源儀器,电源装置,https://terms.naer.edu.tw/
2584,surface acoustic wave transducer,表面聲波轉換器,声表面波传感器,https://terms.naer.edu.tw/
2585,surface active agent,表面活性劑；介面活劑；界面活性劑,表面活性剂,https://terms.naer.edu.tw/
2586,surface alloying,表面合金化,表面合金化,https://terms.naer.edu.tw/
2587,surface analysis,表面分析,表面分析,https://terms.naer.edu.tw/
2588,surface condition,表面條件,表面调整,https://terms.naer.edu.tw/
2589,surface engineering,表面工程,表面工程,https://terms.naer.edu.tw/
2590,surface grinding machine,表面磨床,平面磨床,https://terms.naer.edu.tw/
2591,surface milling machine,表面銑床,平面铣床,https://terms.naer.edu.tw/
2592,surface modification,表面改質,表面改性,https://terms.naer.edu.tw/
2593,surface pretreatment,表面預處理,表面预处理,https://terms.naer.edu.tw/
2594,surface roughness transducer,表面粗糙度傳感器,表面粗糙度传感器,https://terms.naer.edu.tw/
2595,surface thermometer,表面溫度計；貼附溫度計；海面溫度計,表面温度计,https://terms.naer.edu.tw/
2596,surfacing,鋪面；平面切削；表面加工,堆焊,https://terms.naer.edu.tw/
2597,suspension dryer,懸浮式乾燥機,悬浮式干燥机,https://terms.naer.edu.tw/
2598,suspension spring,懸弔彈簧,吊丝,https://terms.naer.edu.tw/
2599,suspension theodolite,懸式經緯儀,悬式经纬仪,https://terms.naer.edu.tw/
2600,suspension-fired boiler,懸浮燃煤鍋爐,室燃锅炉,https://terms.naer.edu.tw/
2601,swabbing,抹拭,刷水,https://terms.naer.edu.tw/
2602,swaging,擠擊 ; 擠鍛 ; 型鍛；錘打；模鍛；鍛造,拔长,https://terms.naer.edu.tw/
2603,swash-plate compressor,斜盤式壓縮機,斜盘式压缩机,https://terms.naer.edu.tw/
2604,sweating,出汗；軟焊,发汗,https://terms.naer.edu.tw/
2605,sweeper truck,清掃車,扫路车,https://terms.naer.edu.tw/
2606,swept-body dump truck,車斗可傾卸式卡車,车厢可卸式汽车,https://terms.naer.edu.tw/
2607,swept-body refuse collector,擺體式廢棄物收集車,摆臂式垃圾车,https://terms.naer.edu.tw/
2608,swept-body tipper,擺體式傾卸車,摆臂式自装卸车,https://terms.naer.edu.tw/
2609,symmetrically  balanced compressor,對稱均衡壓縮機,对称平衡型压缩机,https://terms.naer.edu.tw/
2610,synchronous belt drive,同步皮帶驅動,同步带传动,https://terms.naer.edu.tw/
2611,synthetic sand,合成砂,合成砂,https://terms.naer.edu.tw/
2612,systematic error,系統誤差,系统误差,https://terms.naer.edu.tw/
2613,T joint,T型接合；T形接頭；三通管接,T形接头,https://terms.naer.edu.tw/
2614,T-type boiler,T型鍋爐,T型锅炉,https://terms.naer.edu.tw/
2615,tabular drawing,列表圖,表格图,https://terms.naer.edu.tw/
2616,tacheometer,光學測距儀；準距計,快速测距仪,https://terms.naer.edu.tw/
2617,tachometer,轉速表；轉速計,转速表,https://terms.naer.edu.tw/
2618,tack welding,定位點熔接；暫時固定熔接,定位焊,https://terms.naer.edu.tw/
2619,tamper,搗緊機,夯锤,https://terms.naer.edu.tw/
2620,tandem compound steam turbine,串接複式汽輪機,单轴汽轮机,https://terms.naer.edu.tw/
2621,tangential-fired boiler,切向燃煤鍋爐,切向燃烧锅炉,https://terms.naer.edu.tw/
2622,tanker，tank vehicle,加油機；油輪,罐式汽车,https://terms.naer.edu.tw/
2623,tap,螺絲攻；分接頭；型砧,丝锥,https://terms.naer.edu.tw/
2624,tap density,敲緊密度,振实密度,https://terms.naer.edu.tw/
2625,tap wrench,螺絲攻扳手,铰杠,https://terms.naer.edu.tw/
2626,tapping machine,攻螺絲機；攻牙機。,攻丝机,https://terms.naer.edu.tw/
2627,tea drifting-sifting machine,茶葉漂流篩分機,茶叶飘筛机,https://terms.naer.edu.tw/
2628,tea plane-surface round sifter,茶葉平面圓篩機,茶叶平面圆筛机,https://terms.naer.edu.tw/
2629,tea polishing machine,茶葉拋光機,茶叶车色机,https://terms.naer.edu.tw/
2630,tea re-roasting machine,茶葉再烘焙機,茶叶复炒机,https://terms.naer.edu.tw/
2631,tea roasting machine for crooked fur type,曲毫茶烘焙機,曲毫茶炒制机,https://terms.naer.edu.tw/
2632,tea roasting machine for pin-type,針型焙茶機,针形茶炒制机,https://terms.naer.edu.tw/
2633,tea spiral-vibration sifting machine,茶葉螺旋振動篩分機,茶叶旋振筛分机,https://terms.naer.edu.tw/
2634,tea twisting machine,茶撚線機,茶叶揉捻机,https://terms.naer.edu.tw/
2635,tea vibrating-sifting machine,茶葉抖篩機,茶叶抖筛机,https://terms.naer.edu.tw/
2636,teeming,澆注,点冒口,https://terms.naer.edu.tw/
2637,Telemanipulator,遙控操作器,遥控操作器,https://terms.naer.edu.tw/
2638,Telemanipulator,遙控操作器,遥控操作器,https://terms.naer.edu.tw/
2639,telemetering instrument,遙測儀器,遥测仪器仪表,https://terms.naer.edu.tw/
2640,Teleoperator,遙控操作機；遙控操動器；遙控者,远距离操作器,https://terms.naer.edu.tw/
2641,Telerobot,遥控機器人,遥控机器人,https://terms.naer.edu.tw/
2642,Telescience,遙距科學,遥科学,https://terms.naer.edu.tw/
2643,temperature regulator ；thermoregulator,溫度調節器,温度调节器,https://terms.naer.edu.tw/
2644,temperature transducer,溫度變能器,温度传感器,https://terms.naer.edu.tw/
2645,template die,模板模具,夹板模,https://terms.naer.edu.tw/
2646,tension spring,拉伸彈簧,张丝,https://terms.naer.edu.tw/
2647,terrain-machine system,地形機系統,地面机器系统,https://terms.naer.edu.tw/
2648,terrestrial camera,地面攝影機,地面量测摄影机,https://terms.naer.edu.tw/
2649,test pump,試驗用泵,试压泵,https://terms.naer.edu.tw/
2650,theodolite,經緯儀,经纬仪,https://terms.naer.edu.tw/
2651,Theorem proving,定理證明,定理证明,https://terms.naer.edu.tw/
2652,Theorem proving,定理證明,定理验证,https://terms.naer.edu.tw/
2653,theory of large scale system,大系統理論,大系统理论,https://terms.naer.edu.tw/
2654,theory of mechanisms,機構學(mechanism),机构学,https://terms.naer.edu.tw/
2655,thermal analysis instrument,熱分析儀器,热分析仪器,https://terms.naer.edu.tw/
2656,thermal cones,溫度錐,温度锥,https://terms.naer.edu.tw/
2657,thermal cutting,熱割削,热切割,https://terms.naer.edu.tw/
2658,thermal quantity transducer,熱量傳感器,热学量传感器,https://terms.naer.edu.tw/
2659,thermal reactor,熱中子反應器,热反应器,https://terms.naer.edu.tw/
2660,thermal wedge,熱楔,热楔,https://terms.naer.edu.tw/
2661,thermit reaction,鋁熱作用；鋁熱反應；鋁熱劑法,热剂反应,https://terms.naer.edu.tw/
2662,thermit welding,發熱熔接法；鋁熱熔接法,热剂焊,https://terms.naer.edu.tw/
2663,thermoacoustimetry apparatus,熱傳聲儀,热传声仪,https://terms.naer.edu.tw/
2664,thermocouple instrument,熱電偶儀表,热[电]偶式仪表,https://terms.naer.edu.tw/
2665,thermoelectric sensor,熱電式感測器,热电式传感器,https://terms.naer.edu.tw/
2666,thermoelectric thermometer,熱電溫度計,热电温度计,https://terms.naer.edu.tw/
2667,thermoelectric thermometry,熱電測溫術,热电测温法,https://terms.naer.edu.tw/
2668,thermoluminescence apparatus,熱發光儀,热发光仪,https://terms.naer.edu.tw/
2669,thermomagnetometry apparatus,熱磁儀,热磁仪,https://terms.naer.edu.tw/
2670,thermometer,溫度計,温度计,https://terms.naer.edu.tw/
2671,thermomicroscopy apparatus,熱顯微儀,热显微仪,https://terms.naer.edu.tw/
2672,thermophotometry apparatus,熱光儀,热光度仪,https://terms.naer.edu.tw/
2673,thermophotometry apparatus,熱光儀,热光仪,https://terms.naer.edu.tw/
2674,thermorefractometry apparatus,熱折射儀,热折射仪,https://terms.naer.edu.tw/
2675,thermosonimetry apparatus,熱發聲儀,热发声仪,https://terms.naer.edu.tw/
2676,thermospectrometry apparatus,熱光譜儀,热光谱仪,https://terms.naer.edu.tw/
2677,thermovision,熱視覺,热像仪,https://terms.naer.edu.tw/
2678,thickness meter,厚度計,厚度计,https://terms.naer.edu.tw/
2679,thickness transducer,厚度轉換器,厚度传感器,https://terms.naer.edu.tw/
2680,third angle method,第三角法,第三角画法,https://terms.naer.edu.tw/
2681,thread rolling,螺紋滾製,滚丝,https://terms.naer.edu.tw/
2682,threading die,螺紋模,板牙,https://terms.naer.edu.tw/
2683,threading machine,螺紋機,螺纹加工机床,https://terms.naer.edu.tw/
2684,three needles,三針,三针,https://terms.naer.edu.tw/
2685,three-step controller,三步控制器,三位控制器,https://terms.naer.edu.tw/
2686,Three-term control,三項控制,三项控制,https://terms.naer.edu.tw/
2687,three-terminal measurement,三端量測,三端测量,https://terms.naer.edu.tw/
2688,three-way valve,三通閥；三向閥,三通式阀,https://terms.naer.edu.tw/
2689,throttle,節流；節流閥；油門,节气门,https://terms.naer.edu.tw/
2690,throttle valve,節流閥,节流阀,https://terms.naer.edu.tw/
2691,throttle valve,節流閥,节流阀,https://terms.naer.edu.tw/
2692,throw away tip,折疊式刀片,可转位刀片,https://terms.naer.edu.tw/
2693,thruster,推力裝置,顶拔器,https://terms.naer.edu.tw/
2694,Time optimal control,時間最優控制,时间最佳控制,https://terms.naer.edu.tw/
2695,time schedule controller,時間排程控制器；時程控制器,时序控制器,https://terms.naer.edu.tw/
2696,time-shared control,分時控制,分时控制,https://terms.naer.edu.tw/
2697,Time-sharing control,分時控制,分时控制,https://terms.naer.edu.tw/
2698,tip,端；梢；傾斜；傾卸；翼尖；提示,刀片,https://terms.naer.edu.tw/
2699,title block,標題；標題欄,标题栏,https://terms.naer.edu.tw/
2700,tolerance grade,公差等級,公差等级,https://terms.naer.edu.tw/
2701,tolerance on fit,配合公差,配合公差,https://terms.naer.edu.tw/
2702,tolerance zone,公差區,公差带,https://terms.naer.edu.tw/
2703,tool,工具；刀具,工具,https://terms.naer.edu.tw/
2704,tool axis,刀具軸線,刀具轴线,https://terms.naer.edu.tw/
2705,tool bore,刀具孔,刀孔,https://terms.naer.edu.tw/
2706,tool grinding machine,刀具磨床,工具磨床,https://terms.naer.edu.tw/
2707,tool life,工具壽命,刀具寿命,https://terms.naer.edu.tw/
2708,tool retracting,退刀,退刀,https://terms.naer.edu.tw/
2709,tooling,工具準備,工艺装备,https://terms.naer.edu.tw/
2710,top view,俯視圖,俯视图,https://terms.naer.edu.tw/
2711,toroid worm gear pair，enveloping worm gear pair,環面蝸桿對,环面蜗杆副,https://terms.naer.edu.tw/
2712,torque transducer,轉矩轉換器；轉矩換能器,力矩传感器,https://terms.naer.edu.tw/
2713,tosecan,劃針(盤)；劃線盤,划线盘,https://terms.naer.edu.tw/
2714,total immersion thermometer,全浸溫度計,全浸温度计,https://terms.naer.edu.tw/
2715,total radiation thermometry,全輻射測溫法,全辐射测温法,https://terms.naer.edu.tw/
2716,touring coach,旅遊車,旅游客车,https://terms.naer.edu.tw/
2717,tow truck,拖吊車,清障车,https://terms.naer.edu.tw/
2718,tower boiler,塔式鍋爐,塔式锅炉,https://terms.naer.edu.tw/
2719,tower crane,塔式起重機,塔式起重机,https://terms.naer.edu.tw/
2720,towing tractor,曳引機,牵引车,https://terms.naer.edu.tw/
2721,TR forging,TR鍛造；TR鍛件,TR锻造,https://terms.naer.edu.tw/
2722,traced drawing,描圖,底图,https://terms.naer.edu.tw/
2723,tracked enginner,工程車,工程车,https://terms.naer.edu.tw/
2724,"traction clutch, main clutch",主離合器,主离合器,https://terms.naer.edu.tw/
2725,tractive chain conveyor,牽引鏈輸送機,牵引链输送机,https://terms.naer.edu.tw/
2726,tractive performance,牽引性能,牵引性能,https://terms.naer.edu.tw/
2727,tractor,曳引機；拉進式飛機；拉型拖船,拖拉机,https://terms.naer.edu.tw/
2728,tractor-mounted sprinkling machine,曳引機加掛式噴灑機,拖拉机悬挂式喷灌机,https://terms.naer.edu.tw/
2729,trailer,拖車,挂车,https://terms.naer.edu.tw/
2730,trailer towing vehicle,牽引汽車,全挂牵引车,https://terms.naer.edu.tw/
2731,transfer,轉機，轉換，轉移,转移,https://terms.naer.edu.tw/
2732,transfer die,自送聯製模,自动模,https://terms.naer.edu.tw/
2733,transfer impedance,傳遞阻抗,传递阻抗,https://terms.naer.edu.tw/
2734,transfer line of modular machine，automatic production line of modular machine,模組機自動生產線,组合机床自动线,https://terms.naer.edu.tw/
2735,transfer machine,自送聯製模機；輸送機,自动生产线,https://terms.naer.edu.tw/
2736,transfer mobility,傳遞動性,传递导纳,https://terms.naer.edu.tw/
2737,transfer moulding,轉送模製[法],传递模,https://terms.naer.edu.tw/
2738,transformer bridge,變壓器電橋,变压器电桥,https://terms.naer.edu.tw/
2739,Translation automata,翻譯自動機,翻译自动机,https://terms.naer.edu.tw/
2740,translation line move sprinkling machine,平移式噴灑機,平移式喷灌机,https://terms.naer.edu.tw/
2741,transmission,傳達；傳遞；輸送；傳動；變速,变速箱,https://terms.naer.edu.tw/
2742,transmission chain,傳動鏈,传动链,https://terms.naer.edu.tw/
2743,transmission device,傳動裝置,传能装置,https://terms.naer.edu.tw/
2744,transmission ratio,傳動比，傳輸比，速比，透射比,传动比,https://terms.naer.edu.tw/
2745,transmission system,傳動系統,传动系,https://terms.naer.edu.tw/
2746,transpassive state,過鈍態,过钝态,https://terms.naer.edu.tw/
2747,transplanter,移植機,旱作秧苗栽植机,https://terms.naer.edu.tw/
2748,transporting tractor,運輸拖拉機,运输型拖拉机,https://terms.naer.edu.tw/
2749,travel,行程,行程,https://terms.naer.edu.tw/
2750,traveller sprinkling irrigation machine,絞盤式噴灌機,绞盘式喷灌机,https://terms.naer.edu.tw/
2751,tree sprinkling tanker,樹灑油輪,绿化喷洒车,https://terms.naer.edu.tw/
2752,trencher,掘溝機,挖沟机,https://terms.naer.edu.tw/
2753,trepanning drill,留心鑽,套料钻,https://terms.naer.edu.tw/
2754,trial closing,試合模,验型,https://terms.naer.edu.tw/
2755,tribology,摩潤學,摩擦学,https://terms.naer.edu.tw/
2756,trim die,整修模,整修模,https://terms.naer.edu.tw/
2757,trimming die,整修模,切边模,https://terms.naer.edu.tw/
2758,tripper,跳動裝置；輸送帶卸礦裝置 ; 卸礦機；卸料裝置；斷路裝置；跳脫機構；分離機構,卸料车,https://terms.naer.edu.tw/
2759,trolley bus,無軌電車,无轨电车,https://terms.naer.edu.tw/
2760,trolley sprinkling machine,手推車式噴灑機,手推车式喷灌机,https://terms.naer.edu.tw/
2761,truck mixer,車裝混合機,搅拌输送车,https://terms.naer.edu.tw/
2762,truck with loading crane,卡車裝載起重機,随车起重运输车,https://terms.naer.edu.tw/
2763,trunk piston engine,筒狀活塞內燃機,筒形活塞式发动机,https://terms.naer.edu.tw/
2764,tube axial fan,管軸扇,管式轴流通风机,https://terms.naer.edu.tw/
2765,"tube bundle, tube bank",管束；管排,管束,https://terms.naer.edu.tw/
2766,tube lens,鏡筒透鏡,镜筒透镜,https://terms.naer.edu.tw/
2767,tuber planter,塊根種植機,栽种机,https://terms.naer.edu.tw/
2768,tubular pump,貫流泵,贯流泵,https://terms.naer.edu.tw/
2769,tubular turbine,管式水渦輪；貫流式水輪機,贯流式水轮机,https://terms.naer.edu.tw/
2770,tucking,波狀變形,塞砂,https://terms.naer.edu.tw/
2771,tumbling barrel,打磨滾筒,滚筒清理机,https://terms.naer.edu.tw/
2772,tunnel dryer,隧道式乾燥機,隧道式干燥机,https://terms.naer.edu.tw/
2773,turbidimeter,濁度計； 濁度儀；混濁度計；濁度測定器,浊度计,https://terms.naer.edu.tw/
2774,turbidity transducer,濁度傳感器,浊度传感器,https://terms.naer.edu.tw/
2775,turbine,渦輪機，輪機,涡轮,https://terms.naer.edu.tw/
2776,turbo-blower,輪機鼓風機,透平鼓风机,https://terms.naer.edu.tw/
2777,turbocompound engine,渦輪複合式發動機,涡轮复合式发动机,https://terms.naer.edu.tw/
2778,Turgo turbine,斜擊式水輪機,斜击式水轮机,https://terms.naer.edu.tw/
2779,Turing machine,都令機；杜林機；Turing 機,图灵机,https://terms.naer.edu.tw/
2780,turning,車削；轉動；迴轉,车削,https://terms.naer.edu.tw/
2781,turning tool,車削工具；轉動工具,车刀,https://terms.naer.edu.tw/
2782,turnover machine,翻箱機,翻箱机,https://terms.naer.edu.tw/
2783,turret lathe,六角車床；多角車床,转塔车床,https://terms.naer.edu.tw/
2784,twin lift,雙電梯,双电梯,https://terms.naer.edu.tw/
2785,twin-bank engine,雙列式發動機,双列式发动机,https://terms.naer.edu.tw/
2786,twin-seat bidirectional valve,雙座雙向閥,双座双向阀门,https://terms.naer.edu.tw/
2787,twin-seat valve with one unidirectional seat and one bidirectional seat,一單向座一雙向座的雙座閥,一单向座一双向座的双座阀,https://terms.naer.edu.tw/
2788,twist drill,螺旋鑽,麻花钻,https://terms.naer.edu.tw/
2789,two-color thermometry,比色測溫法,比色测温法,https://terms.naer.edu.tw/
2790,two-direction traveling tractor,雙向行駛牽引機,双向行驶拖拉机,https://terms.naer.edu.tw/
2791,two-pass boiler,二通鍋爐,П型锅炉,https://terms.naer.edu.tw/
2792,two-step controller,兩步控制器,两位控制器,https://terms.naer.edu.tw/
2793,two-stroke cycle,二衝程循環,二冲程循环,https://terms.naer.edu.tw/
2794,two-stroke engine,二衝程引擎；二衝程發動機,二冲程发动机,https://terms.naer.edu.tw/
2795,Two-term control,二項控制,二项控制,https://terms.naer.edu.tw/
2796,two-way valve,雙向閥,双向阀门,https://terms.naer.edu.tw/
2797,U-flame boiler,U型火焰鍋爐,U型火焰锅炉,https://terms.naer.edu.tw/
2798,ultra supercritical pressure steam turbine,超超臨界壓力汽輪機,超超临界汽轮机,https://terms.naer.edu.tw/
2799,ultrasonic flaw detector,超音波探傷器；超音波探傷儀,超声探伤仪,https://terms.naer.edu.tw/
2800,ultrasonic forming,超音波成形；超聲波成形,超声成形,https://terms.naer.edu.tw/
2801,ultrasonic sensor,超音波感測器,超声[波]传感器,https://terms.naer.edu.tw/
2802,ultrasonic thickness gauge,超聲厚度規；超聲厚度計；超音波厚度計,超声测厚仪,https://terms.naer.edu.tw/
2803,ultraviolet light transducer,紫外光傳感器,紫外光传感器,https://terms.naer.edu.tw/
2804,ultraviolet microscope,紫外光顯微鏡；紫外線顯微鏡（從物）,紫外显微镜,https://terms.naer.edu.tw/
2805,undercarriage,起落架；車盤,行走系,https://terms.naer.edu.tw/
2806,undercarriages of crawler tractor,履帶行走系統,履带行走系,https://terms.naer.edu.tw/
2807,undercarriages with entire bogie of crawler tractor,含轉向架履帶行走系統,整体台车履带行走系,https://terms.naer.edu.tw/
2808,undercarriages with equalizing bogie of crawler tractor,含平衡轉向架履帶行走系統,平衡台车履带行走系,https://terms.naer.edu.tw/
2809,undercarriages with independent bogie of crawler tractor,含獨立轉向架履帶行走系統,独立台车履带行走系,https://terms.naer.edu.tw/
2810,underwater cutting,水中切割,水下切割,https://terms.naer.edu.tw/
2811,underwater welding,水中熔接；水中銲接,水下焊,https://terms.naer.edu.tw/
2812,unidirectional engine,單轉向發動機,单转向发动机,https://terms.naer.edu.tw/
2813,unidirectional valve,單向閥,单向阀门,https://terms.naer.edu.tw/
2814,unidirectional valve,單向閥,单向阀,https://terms.naer.edu.tw/
2815,uniflow compressor,順流式壓縮機,顺流式压缩机,https://terms.naer.edu.tw/
2816,uniform corrosion,均勻腐蝕,均匀腐蚀,https://terms.naer.edu.tw/
2817,unit drill,單體式插播機,单体式播种机,https://terms.naer.edu.tw/
2818,unit injector,單體注射器；單元注入器,泵喷嘴,https://terms.naer.edu.tw/
2819,universal die,萬能模；通用模,通用模,https://terms.naer.edu.tw/
2820,universal fixture,通用混合,通用夹具,https://terms.naer.edu.tw/
2821,universal microscope,萬能顯微鏡；通用顯微鏡,万能显微镜,https://terms.naer.edu.tw/
2822,universal stage,旋轉台；弗氏旋轉台；萬向旋轉台；萬用承台,万能转台,https://terms.naer.edu.tw/
2823,unloader,卸載機,卸载机,https://terms.naer.edu.tw/
2824,unloader,卸載機,装卸桥,https://terms.naer.edu.tw/
2825,upper deviation,上偏差，上尺寸差,上偏差,https://terms.naer.edu.tw/
2826,upset forging machine,鐓鍛機,镦锻机,https://terms.naer.edu.tw/
2827,upsetter,鍛粗機；鐓鍛機；桿端鍛粗機,平锻机,https://terms.naer.edu.tw/
2828,upsetting,鐓鍛；鍛粗；頂鍛；傾覆；端壓；倒轉,镦锻,https://terms.naer.edu.tw/
2829,utility boiler,發電廠鍋爐,电站锅炉,https://terms.naer.edu.tw/
2830,V engine,V形發動機,V形发动机,https://terms.naer.edu.tw/
2831,V-belt,三角皮帶,V带,https://terms.naer.edu.tw/
2832,V-belt drive,三角皮帶驅動；三角皮帶傳動,V带传动,https://terms.naer.edu.tw/
2833,V-prism refractometer,V型棱鏡折射,V棱镜折射仪,https://terms.naer.edu.tw/
2834,vacuum drying,真空乾燥,真空干燥,https://terms.naer.edu.tw/
2835,vacuum freeze dryer,真空冷凍乾燥機,冷冻真空干燥机,https://terms.naer.edu.tw/
2836,vacuum furnace,真空爐,真空炉,https://terms.naer.edu.tw/
2837,vacuum gauge,真空計,真空计,https://terms.naer.edu.tw/
2838,vacuum gauge,真空計,真空表,https://terms.naer.edu.tw/
2839,vacuum melting,真空熔煉,真空熔炼,https://terms.naer.edu.tw/
2840,vacuum metallurgy,真空冶金學,真空冶金,https://terms.naer.edu.tw/
2841,vacuum pump,真空泵,真空泵,https://terms.naer.edu.tw/
2842,vacuum refining,真空精煉,真空精炼,https://terms.naer.edu.tw/
2843,vacuum transducer,真空傳遞閥,真空传感器,https://terms.naer.edu.tw/
2844,valve,閥；氣門,阀,https://terms.naer.edu.tw/
2845,van,箱車,厢式[汽]车,https://terms.naer.edu.tw/
2846,van-body tipper,廂型傾卸車,厢式自卸车,https://terms.naer.edu.tw/
2847,vane pump,輪葉泵,滑片泵,https://terms.naer.edu.tw/
2848,vane pump,輪葉泵,叶轮泵,https://terms.naer.edu.tw/
2849,vapor deposition,蒸汽堆積,气相沉积,https://terms.naer.edu.tw/
2850,variable load boiler,可變負載鍋爐,可变负荷锅炉,https://terms.naer.edu.tw/
2851,varmeter,無效功率計,无功功率表,https://terms.naer.edu.tw/
2852,varnish,清漆；亮光漆,漆膜,https://terms.naer.edu.tw/
2853,velocity transducer,速度訊號轉換器,速度传感器,https://terms.naer.edu.tw/
2854,velopment drawing,展開圖,展开图,https://terms.naer.edu.tw/
2855,Venturi tube,文氏管；細腰管,文丘里管,https://terms.naer.edu.tw/
2856,verification system,鑑定制度,检定系统,https://terms.naer.edu.tw/
2857,vermicular cast iron,蠕墨鑄鐵,蠕墨铸铁,https://terms.naer.edu.tw/
2858,vernier callipers,游標測徑器；游標尺,游标卡尺,https://terms.naer.edu.tw/
2859,versatile lathe,萬用車床；多方面車床,多用车床,https://terms.naer.edu.tw/
2860,vertical beard cutting machine;vertical awner,立式除芒機,立式打芒机,https://terms.naer.edu.tw/
2861,vertical boiler,立式鍋爐,立式锅炉,https://terms.naer.edu.tw/
2862,vertical boring machine,立式搪床,立式镗床,https://terms.naer.edu.tw/
2863,vertical cyclone furnace,立式旋風爐,立式旋风炉,https://terms.naer.edu.tw/
2864,vertical drilling machine,立式鑽床,立式钻床,https://terms.naer.edu.tw/
2865,vertical engine,立式引擎；立式發動機,立式发动机,https://terms.naer.edu.tw/
2866,vertical lathe,立式車床,立式车床,https://terms.naer.edu.tw/
2867,vertical pump,垂直泵,立式泵,https://terms.naer.edu.tw/
2868,vertical weld,立焊,立焊,https://terms.naer.edu.tw/
2869,vibrating conveyor,振動運送機,振动输送机,https://terms.naer.edu.tw/
2870,vibrating fluidized dryer,振動流化床乾燥機,振动沸腾烘砂装置,https://terms.naer.edu.tw/
2871,vibrating reed instrument,振簧式儀表,振簧系仪表,https://terms.naer.edu.tw/
2872,vibration analyzer,振動分析器,振动分析仪,https://terms.naer.edu.tw/
2873,vibration controller,振動控制器,振动控制仪,https://terms.naer.edu.tw/
2874,vibration generator,振動產生器，振子,振动发生器,https://terms.naer.edu.tw/
2875,vibration generator system,振動產生器系統,振动台,https://terms.naer.edu.tw/
2876,vibration monitor,振動監控器,振动监视器,https://terms.naer.edu.tw/
2877,vibration test,振動試驗,振动试验,https://terms.naer.edu.tw/
2878,vibration transducer,振動換能器,振动传感器,https://terms.naer.edu.tw/
2879,vibrator,振動器；振動機；振子,可控震源车,https://terms.naer.edu.tw/
2880,vibrometer,振動計，音波壓力測定器,振动计,https://terms.naer.edu.tw/
2881,view,視圖；圖；視野,视图,https://terms.naer.edu.tw/
2882,viscometer,黏度計,黏度计,https://terms.naer.edu.tw/
2883,viscosity transducer,黏度傳感器,黏度传感器,https://terms.naer.edu.tw/
2884,visible light transducer,可見光傳感器,可见光传感器,https://terms.naer.edu.tw/
2885,volt-ampere meter,伏安計；伏特安培計；伏（特）安（培）計,视在功率表,https://terms.naer.edu.tw/
2886,voltage divider,分壓器,分压器,https://terms.naer.edu.tw/
2887,voltage transducer,比壓器,电压传感器,https://terms.naer.edu.tw/
2888,voltmeter,電壓計；伏特計,电压表,https://terms.naer.edu.tw/
2889,volute pump,渦捲泵,蜗壳泵,https://terms.naer.edu.tw/
2890,W-flame boiler,W型火焰鍋爐,W型火焰锅炉,https://terms.naer.edu.tw/
2891,waggon tipple,貨車傾卸機,翻车机,https://terms.naer.edu.tw/
2892,Walking robot,步行機器人,步行机器人,https://terms.naer.edu.tw/
2893,walking tractor,手扶拖拉機,手扶拖拉机,https://terms.naer.edu.tw/
2894,walking type rice transplanter,步行式挿秧機,手扶式机动水稻插秧机,https://terms.naer.edu.tw/
2895,walking type tea picking machine,走動式採茶機,手扶式采茶机,https://terms.naer.edu.tw/
2896,wall-fired boiler,壁掛式鍋爐,墙式燃烧锅炉,https://terms.naer.edu.tw/
2897,wall-hung boiler,壁掛式鍋爐,壁挂式锅炉,https://terms.naer.edu.tw/
2898,Wankel compressor,汪克爾壓縮機,三角转子式压缩机,https://terms.naer.edu.tw/
2899,warm forging,溫鍛,温锻,https://terms.naer.edu.tw/
2900,water cooled compressor,水冷壓縮機,水冷式压缩机,https://terms.naer.edu.tw/
2901,water cooling,水冷卻,水冷,https://terms.naer.edu.tw/
2902,water feeder,給水器,供水车,https://terms.naer.edu.tw/
2903,water hammer pump,水錘泵,水锤泵,https://terms.naer.edu.tw/
2904,water injection pump,注水泵,注水泵,https://terms.naer.edu.tw/
2905,water meter,水錶,水表,https://terms.naer.edu.tw/
2906,water profile control and shutoff truck,調剖堵水車,调剖堵水车,https://terms.naer.edu.tw/
2907,water supply fire tanker,供水消防車,供水消防车,https://terms.naer.edu.tw/
2908,water tower fire truck,水塔式消防車,举高喷射消防车,https://terms.naer.edu.tw/
2909,water tube boiler,水管鍋爐,水管锅炉,https://terms.naer.edu.tw/
2910,water-cooled engine,水冷式引擎,水冷式内燃机,https://terms.naer.edu.tw/
2911,water-cooled engine,水冷式引擎,水冷发动机,https://terms.naer.edu.tw/
2912,water-line corrosion,水線腐蝕,水线腐蚀,https://terms.naer.edu.tw/
2913,water-turbine pump,水輪泵,水轮泵,https://terms.naer.edu.tw/
2914,wattmeter,瓦特計；電力計,[有功]功率表,https://terms.naer.edu.tw/
2915,wave spectrometer,波譜儀,波谱仪器,https://terms.naer.edu.tw/
2916,wear,磨耗,磨损,https://terms.naer.edu.tw/
2917,wear resisting cast iron,耐磨鑄鐵,耐磨铸铁,https://terms.naer.edu.tw/
2918,wedge,楔，尖劈,刀楔,https://terms.naer.edu.tw/
2919,wedge-catch system,楔套系統,楔心套,https://terms.naer.edu.tw/
2920,weighing transducer,稱重傳感器,重量传感器,https://terms.naer.edu.tw/
2921,weld,熔接；鍛接,焊缝,https://terms.naer.edu.tw/
2922,weld crack,熔接裂痕,焊接裂纹,https://terms.naer.edu.tw/
2923,weld defects,焊接缺陷,焊接缺陷,https://terms.naer.edu.tw/
2924,weld metal,熔接金屬,焊缝金属,https://terms.naer.edu.tw/
2925,weld repair,銲接修補；焊接修補,焊补,https://terms.naer.edu.tw/
2926,weld root,銲道根部,焊根,https://terms.naer.edu.tw/
2927,weld toe,銲趾；焊趾,焊趾,https://terms.naer.edu.tw/
2928,weldability,可銲性；可焊性,焊接性,https://terms.naer.edu.tw/
2929,welded joint,熔接接合；鍛煉接合,焊接接头,https://terms.naer.edu.tw/
2930,welding,熔接；焊接,焊接,https://terms.naer.edu.tw/
2931,welding arc,熔接電弧,焊接电弧,https://terms.naer.edu.tw/
2932,welding by one side,單面焊,单面焊,https://terms.naer.edu.tw/
2933,welding consumables,焊材,焊接材料,https://terms.naer.edu.tw/
2934,welding deformation,焊接變形,焊接变形,https://terms.naer.edu.tw/
2935,welding distortion,焊接變形,焊接变形,https://terms.naer.edu.tw/
2936,welding machine,熔接機；電焊機,焊机,https://terms.naer.edu.tw/
2937,welding robot,銲接機器人；銲機器手,焊接机器人,https://terms.naer.edu.tw/
2938,welding stress,熔接應力,焊接应力,https://terms.naer.edu.tw/
2939,welding wire,熔接金屬線,焊丝,https://terms.naer.edu.tw/
2940,weldment,熔接件；焊製件,焊件,https://terms.naer.edu.tw/
2941,well service truck,通井車,通井车,https://terms.naer.edu.tw/
2942,well-controling pipeline truck,井控管線車,井控管汇车,https://terms.naer.edu.tw/
2943,well-washing truck,洗井車,洗井车,https://terms.naer.edu.tw/
2944,wet bag pressing,濕袋壓製,湿袋压制,https://terms.naer.edu.tw/
2945,wet brake,濕式制動器,湿式制动器,https://terms.naer.edu.tw/
2946,wet clutch,溼式離合器,湿式离合器,https://terms.naer.edu.tw/
2947,wet clutch,溼式離合器,湿式离合器,https://terms.naer.edu.tw/
2948,wet pit pump,排水泵,液下泵,https://terms.naer.edu.tw/
2949,wet-gas fan,濕氣風扇,湿气通风机,https://terms.naer.edu.tw/
2950,wheel,輪，機輪,车轮,https://terms.naer.edu.tw/
2951,wheel crane,輪行起重機,轮胎起重机,https://terms.naer.edu.tw/
2952,wheel type tea plant pruning machine,輪式茶樹修剪機,轮式茶树修剪机,https://terms.naer.edu.tw/
2953,wheeled tractor,輪式牽引車,轮式拖拉机,https://terms.naer.edu.tw/
2954,whirling,旋轉；急轉,旋风切削,https://terms.naer.edu.tw/
2955,white cast iron,白鑄鐵,白口铸铁,https://terms.naer.edu.tw/
2956,width meter,寬度計,宽度计,https://terms.naer.edu.tw/
2957,winch,絞車,卷扬机,https://terms.naer.edu.tw/
2958,winch,絞車,绞车,https://terms.naer.edu.tw/
2959,"wind power station, wind farm",風力動力廠；風力發電所,风电场,https://terms.naer.edu.tw/
2960,wind turbine,風力機；風車,风力机,https://terms.naer.edu.tw/
2961,wind turbine generator set,風力渦輪發電機組,风力发电机组,https://terms.naer.edu.tw/
2962,wind water-pumping set,風力抽水機組,风力提水机组,https://terms.naer.edu.tw/
2963,winding mechanism,繞線機構；發條；上條機構,发条,https://terms.naer.edu.tw/
2964,windmill,風車,风车,https://terms.naer.edu.tw/
2965,window cleaning unit,窗戶清潔機組,擦窗机,https://terms.naer.edu.tw/
2966,wiper,雨刷；刮刷器,刮水器,https://terms.naer.edu.tw/
2967,wiper insert,刀器插入,刮光刀片,https://terms.naer.edu.tw/
2968,wire,線；金屬線；金屬絲；電線,线材,https://terms.naer.edu.tw/
2969,wire arraying vehicle for seismic exploration,地震探測佈線車,地震装线车,https://terms.naer.edu.tw/
2970,wire drawing,拉線,拉丝,https://terms.naer.edu.tw/
2971,wire drawing die,拉絲模,拉丝模,https://terms.naer.edu.tw/
2972,wireline truck,纜線貨車；纜車卡車,试井车,https://terms.naer.edu.tw/
2973,Word recognition,字識別,字识别,https://terms.naer.edu.tw/
2974,work-hardening,加工硬化,加工硬化,https://terms.naer.edu.tw/
2975,workholding pallet,工件夾持工作台,随行夹具,https://terms.naer.edu.tw/
2976,working cycle,工作循環,工作循环,https://terms.naer.edu.tw/
2977,working energy,工作能[量],工作能,https://terms.naer.edu.tw/
2978,working medium,工作媒質,工质,https://terms.naer.edu.tw/
2979,working power,工作功率；工作動力,工作功率,https://terms.naer.edu.tw/
2980,working standard,工作標準,工作标准器,https://terms.naer.edu.tw/
2981,working stroke,工作衝程,工作行程,https://terms.naer.edu.tw/
2982,workover rig,修井鑽井,修井作业车,https://terms.naer.edu.tw/
2983,workpiece,工件,工件,https://terms.naer.edu.tw/
2984,worm,蝸桿,蜗杆,https://terms.naer.edu.tw/
2985,worm drive,蝸桿驅動,蜗杆传动,https://terms.naer.edu.tw/
2986,worm gear hob,蜗杆齒輪滾刀,蜗轮滚刀,https://terms.naer.edu.tw/
2987,worm gear pair,蝸齒輪對,蜗杆副,https://terms.naer.edu.tw/
2988,worm wheel,蝸輪,蜗轮,https://terms.naer.edu.tw/
2989,worm wheel hob,蝸輪滾刀,蜗轮滚刀,https://terms.naer.edu.tw/
2990,wrapping and twisting machine,包揉機,包揉机,https://terms.naer.edu.tw/
2991,wrench,扳手；偶單力系；扳鉗；螺旋力；扳頭；對花撬,扳手,https://terms.naer.edu.tw/
2992,wrench chain,扳手鏈,管钳链,https://terms.naer.edu.tw/
2993,X engine,X型發動機,X形发动机,https://terms.naer.edu.tw/
2994,X-ray flaw detector,Ｘ射線探傷器,X射线探伤机,https://terms.naer.edu.tw/
2995,XY recorder,XY記錄器,XY记录仪,https://terms.naer.edu.tw/
2996,Y-globe valve,Y型截止閥,直流式阀,https://terms.naer.edu.tw/
2997,zero error,零誤差,零点误差,https://terms.naer.edu.tw/
2998,zero inductance,零電感,零电感,https://terms.naer.edu.tw/
2999,zero line,零位線,零线,https://terms.naer.edu.tw/
3000,zero shift,零點移位；零位飄移；零移,零点迁移,https://terms.naer.edu.tw/
3001,Zhu-tea roasting machine,珠茶烘焙機,珠茶炒干机,https://terms.naer.edu.tw/
3002,zinc alloy die,鋅合金壓鑄,锌基合金模,https://terms.naer.edu.tw/
3003,α-regulator,α調節器,α-调节器,https://terms.naer.edu.tw/
